1;Quarto;100-200;1620054233;L;1.858763;
1;Quarto;100-200;1620055233;L;1.858523;
1;Quarto;100-200;1620056233;L;1.851093;
1;Quarto;100-200;1620057233;L;1.841559;
1;Quarto;100-200;1620058233;L;1.813278;
1;Quarto;100-200;1620059233;L;1.804879;
1;Quarto;100-200;1620060233;L;1.808608;
1;Quarto;100-200;1620061233;L;1.823595;
1;Quarto;100-200;1620062233;L;1.833972;
1;Quarto;100-200;1620063233;L;1.847272;
1;Quarto;100-200;1620064233;L;1.851093;
1;Quarto;100-200;1620065233;L;1.851093;
1;Quarto;100-200;1620066233;L;1.833972;
1;Quarto;100-200;1620067233;L;1.813278;
1;Quarto;100-200;1620068233;L;1.802552;
1;Quarto;100-200;1620069233;L;1.803948;
1;Quarto;100-200;1620070233;L;1.813278;
1;Quarto;100-200;1620071233;L;1.827361;
1;Quarto;100-200;1620072233;L;1.838709;
1;Quarto;100-200;1620073233;L;1.848943;
1;Quarto;100-200;1620074233;L;1.850615;
1;Quarto;100-200;1620075233;L;1.845365;
1;Quarto;100-200;1620076233;L;1.828304;
1;Quarto;100-200;1620077233;L;1.810475;
1;Quarto;100-200;1620078233;L;1.809074;
1;Quarto;100-200;1620079233;L;1.813278;
1;Quarto;100-200;1620080233;L;1.824536;
1;Quarto;100-200;1620081233;L;1.835865;
1;Quarto;100-200;1620082233;L;1.849898;
1;Quarto;100-200;1620083233;L;1.856362;
1;Quarto;100-200;1620084233;L;1.854923;
1;Quarto;100-200;1620085233;L;1.833972;
1;Quarto;100-200;1620086233;L;1.811409;
1;Quarto;100-200;1620087233;L;1.808608;
1;Quarto;100-200;1620088233;L;1.819368;
1;Quarto;100-200;1620089233;L;1.834918;
1;Quarto;100-200;1620090233;L;1.850137;
1;Quarto;100-200;1620091233;L;1.857802;
1;Quarto;100-200;1620092233;L;1.845365;
1;Quarto;100-200;1620093233;L;1.819602;
1;Quarto;100-200;1620094233;L;1.808608;
1;Quarto;100-200;1620095233;L;1.813278;
1;Quarto;100-200;1620096233;L;1.828304;
1;Quarto;100-200;1620097233;L;1.843223;
1;Quarto;100-200;1620098233;L;1.853965;
1;Quarto;100-200;1620099233;L;1.856362;
1;Quarto;100-200;1620100233;L;1.845365;
1;Quarto;100-200;1620101233;L;1.819368;
1;Quarto;100-200;1620102233;L;1.809541;
1;Quarto;100-200;1620103233;L;1.810475;
1;Quarto;100-200;1620104233;L;1.825477;
1;Quarto;100-200;1620105233;L;1.839896;
1;Quarto;100-200;1620106233;L;1.854923;
1;Quarto;100-200;1620107233;L;1.857802;
1;Quarto;100-200;1620108233;L;1.847988;
1;Quarto;100-200;1620109233;L;1.825477;
1;Quarto;100-200;1620110233;L;1.809774;
1;Quarto;100-200;1620111233;L;1.810475;
1;Quarto;100-200;1620054294;S;Desligado;
1;Quarto;100-200;1620054260;L;1.820306;
1;Quarto;100-200;1620055260;L;1.833972;
1;Quarto;100-200;1620056260;L;1.851093;
1;Quarto;100-200;1620057260;L;1.860687;
1;Quarto;100-200;1620058260;L;1.857802;
1;Quarto;100-200;1620059260;L;1.841559;
1;Quarto;100-200;1620060260;L;1.819602;
1;Quarto;100-200;1620061260;L;1.811409;
1;Quarto;100-200;1620062260;L;1.818899;
1;Quarto;100-200;1620063260;L;1.835865;
1;Quarto;100-200;1620064260;L;1.847749;
1;Quarto;100-200;1620065260;L;1.856362;
1;Quarto;100-200;1620066260;L;1.853965;
1;Quarto;100-200;1620067260;L;1.832553;
1;Quarto;100-200;1620068260;L;1.813278;
1;Quarto;100-200;1620069260;L;1.810008;
1;Quarto;100-200;1620070260;L;1.813278;
1;Quarto;100-200;1620071260;L;1.834918;
1;Quarto;100-200;1620072260;L;1.847749;
1;Quarto;100-200;1620073260;L;1.857802;
1;Quarto;100-200;1620074260;L;1.856842;
1;Quarto;100-200;1620075260;L;1.847272;
1;Quarto;100-200;1620076260;L;1.826419;
1;Quarto;100-200;1620077260;L;1.810475;
1;Quarto;100-200;1620078260;L;1.812343;
1;Quarto;100-200;1620079260;L;1.813278;
1;Quarto;100-200;1620080260;L;1.830191;
1;Quarto;100-200;1620081260;L;1.845365;
1;Quarto;100-200;1620082260;L;1.858283;
1;Quarto;100-200;1620083260;L;1.856842;
1;Quarto;100-200;1620084260;L;1.845365;
1;Quarto;100-200;1620085260;L;1.822185;
1;Quarto;100-200;1620086260;L;1.809541;
1;Quarto;100-200;1620087260;L;1.813278;
1;Quarto;100-200;1620088260;L;1.829719;
1;Quarto;100-200;1620089260;L;1.845365;
1;Quarto;100-200;1620090260;L;1.855882;
1;Quarto;100-200;1620091260;L;1.855882;
1;Quarto;100-200;1620092260;L;1.839184;
1;Quarto;100-200;1620093260;L;1.817492;
1;Quarto;100-200;1620094260;L;1.809774;
1;Quarto;100-200;1620095260;L;1.813278;
1;Quarto;100-200;1620096260;L;1.825948;
1;Quarto;100-200;1620097260;L;1.842510;
1;Quarto;100-200;1620098260;L;1.849181;
1;Quarto;100-200;1620099260;L;1.855403;
1;Quarto;100-200;1620100260;L;1.847749;
1;Quarto;100-200;1620101260;L;1.826419;
1;Quarto;100-200;1620102260;L;1.813278;
1;Quarto;100-200;1620103260;L;1.813278;
1;Quarto;100-200;1620104260;L;1.826419;
1;Quarto;100-200;1620105260;L;1.837761;
1;Quarto;100-200;1620106260;L;1.851093;
1;Quarto;100-200;1620107260;L;1.862613;
1;Quarto;100-200;1620108260;L;1.862613;
1;Quarto;100-200;1620109260;L;1.855882;
1;Quarto;100-200;1620110260;L;1.836813;
1;Quarto;100-200;1620111260;L;1.819837;
1;Quarto;100-200;1620054324;S;Desligado;
1;Quarto;100-200;1620054332;S;Desligado;
1;Quarto;100-200;1620054345;S;Desligado;
1;Quarto;100-200;1620054356;S;Desligado;
1;Quarto;100-200;1620054318;L;1.806743;
1;Quarto;100-200;1620055318;L;1.805811;
1;Quarto;100-200;1620056318;L;1.778038;
1;Quarto;100-200;1620057318;L;1.809541;
1;Quarto;100-200;1620058318;L;1.832789;
1;Quarto;100-200;1620059318;L;1.856842;
1;Quarto;100-200;1620060318;L;1.869375;
1;Quarto;100-200;1620061318;L;1.863577;
1;Quarto;100-200;1620062318;L;1.853965;
1;Quarto;100-200;1620063318;L;1.832080;
1;Quarto;100-200;1620064318;L;1.818899;
1;Quarto;100-200;1620065318;L;1.810942;
1;Quarto;100-200;1620066318;L;1.809774;
1;Quarto;100-200;1620067318;L;1.823830;
1;Quarto;100-200;1620068318;L;1.835865;
1;Quarto;100-200;1620069318;L;1.848227;
1;Quarto;100-200;1620070318;L;1.856842;
1;Quarto;100-200;1620071318;L;1.862613;
1;Quarto;100-200;1620072318;L;1.860687;
1;Quarto;100-200;1620073318;L;1.848704;
1;Quarto;100-200;1620074318;L;1.828304;
1;Quarto;100-200;1620075318;L;1.812811;
1;Quarto;100-200;1620076318;L;1.812343;
1;Quarto;100-200;1620077318;L;1.823595;
1;Quarto;100-200;1620078318;L;1.840133;
1;Quarto;100-200;1620079318;L;1.851093;
1;Quarto;100-200;1620080318;L;1.861650;
1;Quarto;100-200;1620081318;L;1.862613;
1;Quarto;100-200;1620082318;L;1.847272;
1;Quarto;100-200;1620083318;L;1.828304;
1;Quarto;100-200;1620084318;L;1.813278;
1;Quarto;100-200;1620085318;L;1.811175;
1;Quarto;100-200;1620086318;L;1.817726;
1;Quarto;100-200;1620087318;L;1.825477;
1;Quarto;100-200;1620088318;L;1.841559;
1;Quarto;100-200;1620089318;L;1.853965;
1;Quarto;100-200;1620090318;L;1.861650;
1;Quarto;100-200;1620091318;L;1.860687;
1;Quarto;100-200;1620092318;L;1.858763;
1;Quarto;100-200;1620093318;L;1.832553;
1;Quarto;100-200;1620094318;L;1.817726;
1;Quarto;100-200;1620095318;L;1.810942;
1;Quarto;100-200;1620096318;L;1.817961;
1;Quarto;100-200;1620097318;L;1.825477;
1;Quarto;100-200;1620098318;L;1.845365;
1;Quarto;100-200;1620099318;L;1.856362;
1;Quarto;100-200;1620100318;L;1.858763;
1;Quarto;100-200;1620101318;L;1.856842;
1;Quarto;100-200;1620102318;L;1.833972;
1;Quarto;100-200;1620103318;L;1.813278;
1;Quarto;100-200;1620104318;L;1.813278;
1;Quarto;100-200;1620105318;L;1.822420;
1;Quarto;100-200;1620106318;L;1.839184;
1;Quarto;100-200;1620107318;L;1.854684;
1;Quarto;100-200;1620108318;L;1.864301;
1;Quarto;100-200;1620109318;L;1.858283;
1;Quarto;100-200;1620110318;L;1.841559;
1;Quarto;100-200;1620111318;L;1.823595;
1;Quarto;100-200;1620054378;S;Desligado;
1;Quarto;100-200;1620054390;S;Desligado;
1;Quarto;100-200;1620054445;S;Desligado;
1;Quarto;100-200;1620054454;S;Desligado;
1;Quarto;100-200;1620054443;L;1.810475;
1;Quarto;100-200;1620054444;L;1.818664;
1;Quarto;100-200;1620054445;L;1.809541;
1;Quarto;100-200;1620054446;L;1.812811;
1;Quarto;100-200;1620054447;L;1.827833;
1;Quarto;100-200;1620054448;L;1.841559;
1;Quarto;100-200;1620054449;L;1.853965;
1;Quarto;100-200;1620054450;L;1.858763;
1;Quarto;100-200;1620054451;L;1.854923;
1;Quarto;100-200;1620054452;L;1.840608;
1;Quarto;100-200;1620054453;L;1.825007;
1;Quarto;100-200;1620054454;L;1.809541;
1;Quarto;100-200;1620054455;L;1.808608;
1;Quarto;100-200;1620054456;L;1.811409;
1;Quarto;100-200;1620054457;L;1.821715;
1;Quarto;100-200;1620054458;L;1.833499;
1;Quarto;100-200;1620054459;L;1.843461;
1;Quarto;100-200;1620054460;L;1.854444;
1;Quarto;100-200;1620054461;L;1.856842;
1;Quarto;100-200;1620054462;L;1.858763;
1;Quarto;100-200;1620054463;L;1.854923;
1;Quarto;100-200;1620054464;L;1.844413;
1;Quarto;100-200;1620054465;L;1.827361;
1;Quarto;100-200;1620054466;L;1.813278;
1;Quarto;100-200;1620054467;L;1.807675;
1;Quarto;100-200;1620054468;L;1.809774;
1;Quarto;100-200;1620054469;L;1.813278;
1;Quarto;100-200;1620054470;L;1.828304;
1;Quarto;100-200;1620054471;L;1.842510;
1;Quarto;100-200;1620054472;L;1.850137;
1;Quarto;100-200;1620054473;L;1.854923;
1;Quarto;100-200;1620054474;L;1.854923;
1;Quarto;100-200;1620054475;L;1.840608;
1;Quarto;100-200;1620054476;L;1.817961;
1;Quarto;100-200;1620054477;L;1.808608;
1;Quarto;100-200;1620054478;L;1.813278;
1;Quarto;100-200;1620054479;L;1.825242;
1;Quarto;100-200;1620054480;L;1.839896;
1;Quarto;100-200;1620054481;L;1.854923;
1;Quarto;100-200;1620054482;L;1.856842;
1;Quarto;100-200;1620054483;L;1.853007;
1;Quarto;100-200;1620054484;L;1.834918;
1;Quarto;100-200;1620054485;L;1.813278;
1;Quarto;100-200;1620054486;L;1.809308;
1;Quarto;100-200;1620054487;L;1.813278;
1;Quarto;100-200;1620054488;L;1.828304;
1;Quarto;100-200;1620054489;L;1.841559;
1;Quarto;100-200;1620054490;L;1.854923;
1;Quarto;100-200;1620054491;L;1.859725;
1;Quarto;100-200;1620054492;L;1.853007;
1;Quarto;100-200;1620054493;L;1.840608;
1;Quarto;100-200;1620054494;L;1.823360;
1;Quarto;100-200;1620054495;L;1.811409;
1;Quarto;100-200;1620054496;L;1.811409;
1;Quarto;100-200;1620054497;L;1.813278;
1;Quarto;100-200;1620054498;L;1.824536;
1;Quarto;100-200;1620054499;L;1.835865;
1;Quarto;100-200;1620054500;L;1.843461;
1;Quarto;100-200;1620054519;S;Desligado;
1;Quarto;100-200;1620054532;S;Desligado;
1;Quarto;100-200;1620054496;L;1.852050;
1;Quarto;100-200;1620054497;L;1.856842;
1;Quarto;100-200;1620054498;L;1.861650;
1;Quarto;100-200;1620054499;L;1.855882;
1;Quarto;100-200;1620054500;L;1.849181;
1;Quarto;100-200;1620054501;L;1.832317;
1;Quarto;100-200;1620054502;L;1.822655;
1;Quarto;100-200;1620054503;L;1.818899;
1;Quarto;100-200;1620054504;L;1.817961;
1;Quarto;100-200;1620054505;L;1.824536;
1;Quarto;100-200;1620054506;L;1.835865;
1;Quarto;100-200;1620054507;L;1.850137;
1;Quarto;100-200;1620054508;L;1.855882;
1;Quarto;100-200;1620054509;L;1.863577;
1;Quarto;100-200;1620054510;L;1.860687;
1;Quarto;100-200;1620054511;L;1.856842;
1;Quarto;100-200;1620054512;L;1.837761;
1;Quarto;100-200;1620054513;L;1.821715;
1;Quarto;100-200;1620054514;L;1.811409;
1;Quarto;100-200;1620054515;L;1.813278;
1;Quarto;100-200;1620054516;L;1.820776;
1;Quarto;100-200;1620054517;L;1.843461;
1;Quarto;100-200;1620054518;L;1.856602;
1;Quarto;100-200;1620054519;L;1.863095;
1;Quarto;100-200;1620054520;L;1.862131;
1;Quarto;100-200;1620054521;L;1.837761;
1;Quarto;100-200;1620054522;L;1.820541;
1;Quarto;100-200;1620054523;L;1.813278;
1;Quarto;100-200;1620054524;L;1.821715;
1;Quarto;100-200;1620054525;L;1.838709;
1;Quarto;100-200;1620054526;L;1.858283;
1;Quarto;100-200;1620054527;L;1.856842;
1;Quarto;100-200;1620054528;L;1.844413;
1;Quarto;100-200;1620054529;L;1.820776;
1;Quarto;100-200;1620054530;L;1.809541;
1;Quarto;100-200;1620054531;L;1.812343;
1;Quarto;100-200;1620054532;L;1.826419;
1;Quarto;100-200;1620054533;L;1.841083;
1;Quarto;100-200;1620054534;L;1.854923;
1;Quarto;100-200;1620054535;L;1.856842;
1;Quarto;100-200;1620054536;L;1.847749;
1;Quarto;100-200;1620054537;L;1.825242;
1;Quarto;100-200;1620054538;L;1.809541;
1;Quarto;100-200;1620054539;L;1.812343;
1;Quarto;100-200;1620054540;L;1.823595;
1;Quarto;100-200;1620054541;L;1.837287;
1;Quarto;100-200;1620054542;L;1.853007;
1;Quarto;100-200;1620054543;L;1.855163;
1;Quarto;100-200;1620054544;L;1.849181;
1;Quarto;100-200;1620054545;L;1.824536;
1;Quarto;100-200;1620054546;L;1.807442;
1;Quarto;100-200;1620054547;L;1.812811;
1;Quarto;100-200;1620054548;L;1.831136;
1;Quarto;100-200;1620054549;L;1.843461;
1;Quarto;100-200;1620054550;L;1.856842;
1;Quarto;100-200;1620054551;L;1.848227;
1;Quarto;100-200;1620054552;L;1.826419;
1;Quarto;100-200;1620054553;L;1.809541;
1;Quarto;100-200;1620054574;S;Desligado;
1;Quarto;100-200;1620054586;S;Desligado;
1;Quarto;100-200;1620054554;L;1.813278;
1;Quarto;100-200;1620054555;L;1.831136;
1;Quarto;100-200;1620054556;L;1.847272;
1;Quarto;100-200;1620054557;L;1.855882;
1;Quarto;100-200;1620054558;L;1.843461;
1;Quarto;100-200;1620054559;L;1.819837;
1;Quarto;100-200;1620054560;L;1.811409;
1;Quarto;100-200;1620054561;L;1.821715;
1;Quarto;100-200;1620054562;L;1.835865;
1;Quarto;100-200;1620054563;L;1.855642;
1;Quarto;100-200;1620054564;L;1.858763;
1;Quarto;100-200;1620054565;L;1.850137;
1;Quarto;100-200;1620054566;L;1.828304;
1;Quarto;100-200;1620054567;L;1.810008;
1;Quarto;100-200;1620054568;L;1.812811;
1;Quarto;100-200;1620054569;L;1.826184;
1;Quarto;100-200;1620054570;L;1.841559;
1;Quarto;100-200;1620054571;L;1.856842;
1;Quarto;100-200;1620054572;L;1.858763;
1;Quarto;100-200;1620054573;L;1.841559;
1;Quarto;100-200;1620054574;L;1.813278;
1;Quarto;100-200;1620054575;L;1.804879;
1;Quarto;100-200;1620054576;L;1.825007;
1;Quarto;100-200;1620054577;L;1.843461;
1;Quarto;100-200;1620054578;L;1.855163;
1;Quarto;100-200;1620054579;L;1.858763;
1;Quarto;100-200;1620054580;L;1.851093;
1;Quarto;100-200;1620054581;L;1.826419;
1;Quarto;100-200;1620054582;L;1.810475;
1;Quarto;100-200;1620054583;L;1.813278;
1;Quarto;100-200;1620054584;L;1.820306;
1;Quarto;100-200;1620054585;L;1.832080;
1;Quarto;100-200;1620054586;L;1.845365;
1;Quarto;100-200;1620054587;L;1.858763;
1;Quarto;100-200;1620054588;L;1.859725;
1;Quarto;100-200;1620054589;L;1.851093;
1;Quarto;100-200;1620054590;L;1.834682;
1;Quarto;100-200;1620054591;L;1.817023;
1;Quarto;100-200;1620054592;L;1.810008;
1;Quarto;100-200;1620054593;L;1.817492;
1;Quarto;100-200;1620054594;L;1.827361;
1;Quarto;100-200;1620054595;L;1.842985;
1;Quarto;100-200;1620054596;L;1.853965;
1;Quarto;100-200;1620054597;L;1.860687;
1;Quarto;100-200;1620054598;L;1.858763;
1;Quarto;100-200;1620054599;L;1.850137;
1;Quarto;100-200;1620054600;L;1.832317;
1;Quarto;100-200;1620054601;L;1.817492;
1;Quarto;100-200;1620054602;L;1.812343;
1;Quarto;100-200;1620054603;L;1.813278;
1;Quarto;100-200;1620054604;L;1.827833;
1;Quarto;100-200;1620054605;L;1.841321;
1;Quarto;100-200;1620054606;L;1.854923;
1;Quarto;100-200;1620054607;L;1.858523;
1;Quarto;100-200;1620054608;L;1.858763;
1;Quarto;100-200;1620054609;L;1.846795;
1;Quarto;100-200;1620054610;L;1.824536;
1;Quarto;100-200;1620054611;L;1.812110;
1;Quarto;100-200;1620054616;S;Desligado;
1;Quarto;100-200;1620054651;S;Desligado;
1;Quarto;100-200;1620054661;S;Desligado;
1;Quarto;100-200;1620054612;L;1.809774;
1;Quarto;100-200;1620054613;L;1.811175;
1;Quarto;100-200;1620054614;L;1.831136;
1;Quarto;100-200;1620054615;L;1.843461;
1;Quarto;100-200;1620054616;L;1.852528;
1;Quarto;100-200;1620054617;L;1.862613;
1;Quarto;100-200;1620054618;L;1.858763;
1;Quarto;100-200;1620054619;L;1.845365;
1;Quarto;100-200;1620054620;L;1.824536;
1;Quarto;100-200;1620054621;L;1.813278;
1;Quarto;100-200;1620054622;L;1.813278;
1;Quarto;100-200;1620054623;L;1.827361;
1;Quarto;100-200;1620054624;L;1.841559;
1;Quarto;100-200;1620054625;L;1.852050;
1;Quarto;100-200;1620054626;L;1.862613;
1;Quarto;100-200;1620054627;L;1.858763;
1;Quarto;100-200;1620054628;L;1.835629;
1;Quarto;100-200;1620054629;L;1.817961;
1;Quarto;100-200;1620054630;L;1.810475;
1;Quarto;100-200;1620054631;L;1.818664;
1;Quarto;100-200;1620054632;L;1.825948;
1;Quarto;100-200;1620054633;L;1.850137;
1;Quarto;100-200;1620054634;L;1.858763;
1;Quarto;100-200;1620054635;L;1.861650;
1;Quarto;100-200;1620054636;L;1.849181;
1;Quarto;100-200;1620054637;L;1.832080;
1;Quarto;100-200;1620054638;L;1.813278;
1;Quarto;100-200;1620054639;L;1.811409;
1;Quarto;100-200;1620054640;L;1.819837;
1;Quarto;100-200;1620054641;L;1.832080;
1;Quarto;100-200;1620054642;L;1.843461;
1;Quarto;100-200;1620054643;L;1.853965;
1;Quarto;100-200;1620054644;L;1.858763;
1;Quarto;100-200;1620054645;L;1.856842;
1;Quarto;100-200;1620054646;L;1.837287;
1;Quarto;100-200;1620054647;L;1.818899;
1;Quarto;100-200;1620054648;L;1.812343;
1;Quarto;100-200;1620054649;L;1.818899;
1;Quarto;100-200;1620054650;L;1.832789;
1;Quarto;100-200;1620054651;L;1.847988;
1;Quarto;100-200;1620054652;L;1.862613;
1;Quarto;100-200;1620054653;L;1.861650;
1;Quarto;100-200;1620054654;L;1.854444;
1;Quarto;100-200;1620054655;L;1.832789;
1;Quarto;100-200;1620054656;L;1.813278;
1;Quarto;100-200;1620054657;L;1.811175;
1;Quarto;100-200;1620054658;L;1.820776;
1;Quarto;100-200;1620054659;L;1.822655;
1;Quarto;100-200;1620054660;L;1.847272;
1;Quarto;100-200;1620054661;L;1.855882;
1;Quarto;100-200;1620054662;L;1.858763;
1;Quarto;100-200;1620054663;L;1.854923;
1;Quarto;100-200;1620054664;L;1.835392;
1;Quarto;100-200;1620054665;L;1.817726;
1;Quarto;100-200;1620054666;L;1.810475;
1;Quarto;100-200;1620054667;L;1.813278;
1;Quarto;100-200;1620054668;L;1.825242;
1;Quarto;100-200;1620054669;L;1.839184;
1;Quarto;100-200;1620054989;S;Desligado;
1;Quarto;100-200;1620054982;L;1.857802;
1;Quarto;100-200;1620054983;L;1.845365;
1;Quarto;100-200;1620054984;L;1.825477;
1;Quarto;100-200;1620054985;L;1.813278;
1;Quarto;100-200;1620054986;L;1.813278;
1;Quarto;100-200;1620054987;L;1.824536;
1;Quarto;100-200;1620054988;L;1.840608;
1;Quarto;100-200;1620054989;L;1.855403;
1;Quarto;100-200;1620054990;L;1.858763;
1;Quarto;100-200;1620054991;L;1.858763;
1;Quarto;100-200;1620054992;L;1.842510;
1;Quarto;100-200;1620054993;L;1.824536;
1;Quarto;100-200;1620054994;L;1.813278;
1;Quarto;100-200;1620054995;L;1.818664;
1;Quarto;100-200;1620054996;L;1.832080;
1;Quarto;100-200;1620054997;L;1.847272;
1;Quarto;100-200;1620054998;L;1.862131;
1;Quarto;100-200;1620054999;L;1.863577;
1;Quarto;100-200;1620055000;L;1.860687;
1;Quarto;100-200;1620055001;L;1.839659;
1;Quarto;100-200;1620055002;L;1.825477;
1;Quarto;100-200;1620055003;L;1.813278;
1;Quarto;100-200;1620055004;L;1.817492;
1;Quarto;100-200;1620055005;L;1.825477;
1;Quarto;100-200;1620055006;L;1.839659;
1;Quarto;100-200;1620055007;L;1.854923;
1;Quarto;100-200;1620055008;L;1.862131;
1;Quarto;100-200;1620055009;L;1.862613;
1;Quarto;100-200;1620055010;L;1.858763;
1;Quarto;100-200;1620055011;L;1.840608;
1;Quarto;100-200;1620055012;L;1.822655;
1;Quarto;100-200;1620055013;L;1.813278;
1;Quarto;100-200;1620055014;L;1.818899;
1;Quarto;100-200;1620055015;L;1.831136;
1;Quarto;100-200;1620055016;L;1.845365;
1;Quarto;100-200;1620055017;L;1.860446;
1;Quarto;100-200;1620055018;L;1.862613;
1;Quarto;100-200;1620055019;L;1.862613;
1;Quarto;100-200;1620055020;L;1.848704;
1;Quarto;100-200;1620055021;L;1.825477;
1;Quarto;100-200;1620055022;L;1.813278;
1;Quarto;100-200;1620055023;L;1.817492;
1;Quarto;100-200;1620055024;L;1.824536;
1;Quarto;100-200;1620055025;L;1.837524;
1;Quarto;100-200;1620055026;L;1.850137;
1;Quarto;100-200;1620055027;L;1.860687;
1;Quarto;100-200;1620055028;L;1.865990;
1;Quarto;100-200;1620055029;L;1.856842;
1;Quarto;100-200;1620055030;L;1.833972;
1;Quarto;100-200;1620055031;L;1.820776;
1;Quarto;100-200;1620055032;L;1.823595;
1;Quarto;100-200;1620055033;L;1.835865;
1;Quarto;100-200;1620055034;L;1.853965;
1;Quarto;100-200;1620055035;L;1.865507;
1;Quarto;100-200;1620055036;L;1.869375;
1;Quarto;100-200;1620055037;L;1.854923;
1;Quarto;100-200;1620055038;L;1.822655;
1;Quarto;100-200;1620055039;L;1.820541;
1;Quarto;100-200;1620055017;L;1.828304;
1;Quarto;100-200;1620055018;L;1.844413;
1;Quarto;100-200;1620055019;L;1.859725;
1;Quarto;100-200;1620055020;L;1.869860;
1;Quarto;100-200;1620055021;L;1.860687;
1;Quarto;100-200;1620055022;L;1.854444;
1;Quarto;100-200;1620055023;L;1.831844;
1;Quarto;100-200;1620055024;L;1.822185;
1;Quarto;100-200;1620055025;L;1.826419;
1;Quarto;100-200;1620055026;L;1.840133;
1;Quarto;100-200;1620055027;L;1.853007;
1;Quarto;100-200;1620055028;L;1.861650;
1;Quarto;100-200;1620055029;L;1.869375;
1;Quarto;100-200;1620055030;L;1.865507;
1;Quarto;100-200;1620055031;L;1.842510;
1;Quarto;100-200;1620055032;L;1.822655;
1;Quarto;100-200;1620055033;L;1.821715;
1;Quarto;100-200;1620055034;L;1.828304;
1;Quarto;100-200;1620055035;L;1.845365;
1;Quarto;100-200;1620055036;L;1.856602;
1;Quarto;100-200;1620055037;L;1.861650;
1;Quarto;100-200;1620055038;L;1.860687;
1;Quarto;100-200;1620055039;L;1.848943;
1;Quarto;100-200;1620055040;L;1.826419;
1;Quarto;100-200;1620055041;L;1.813278;
1;Quarto;100-200;1620055042;L;1.819837;
1;Quarto;100-200;1620055043;L;1.831136;
1;Quarto;100-200;1620055044;L;1.847272;
1;Quarto;100-200;1620055045;L;1.856842;
1;Quarto;100-200;1620055046;L;1.864542;
1;Quarto;100-200;1620055047;L;1.862613;
1;Quarto;100-200;1620055048;L;1.848227;
1;Quarto;100-200;1620055049;L;1.831136;
1;Quarto;100-200;1620055050;L;1.817492;
1;Quarto;100-200;1620055051;L;1.813278;
1;Quarto;100-200;1620055052;L;1.824536;
1;Quarto;100-200;1620055053;L;1.837761;
1;Quarto;100-200;1620055054;L;1.848704;
1;Quarto;100-200;1620055055;L;1.858763;
1;Quarto;100-200;1620055056;L;1.863095;
1;Quarto;100-200;1620055057;L;1.863577;
1;Quarto;100-200;1620055058;L;1.848943;
1;Quarto;100-200;1620055059;L;1.832553;
1;Quarto;100-200;1620055060;L;1.818664;
1;Quarto;100-200;1620055061;L;1.813278;
1;Quarto;100-200;1620055062;L;1.822655;
1;Quarto;100-200;1620055063;L;1.833972;
1;Quarto;100-200;1620055064;L;1.848227;
1;Quarto;100-200;1620055065;L;1.860687;
1;Quarto;100-200;1620055066;L;1.867440;
1;Quarto;100-200;1620055067;L;1.857802;
1;Quarto;100-200;1620055068;L;1.830191;
1;Quarto;100-200;1620055069;L;1.811409;
1;Quarto;100-200;1620055070;L;1.811409;
1;Quarto;100-200;1620055071;L;1.829247;
1;Quarto;100-200;1620055072;L;1.849181;
1;Quarto;100-200;1620055073;L;1.862372;
1;Quarto;100-200;1620055074;L;1.858763;
1;Quarto;100-200;1620055077;S;Desligado;
1;Quarto;100-200;1620055112;S;Desligado;
1;Quarto;100-200;1620055126;S;Desligado;
1;Quarto;100-200;1620055075;L;1.841559;
1;Quarto;100-200;1620055076;L;1.813278;
1;Quarto;100-200;1620055077;L;1.818899;
1;Quarto;100-200;1620055078;L;1.838709;
1;Quarto;100-200;1620055079;L;1.858763;
1;Quarto;100-200;1620055080;L;1.869375;
1;Quarto;100-200;1620055081;L;1.856842;
1;Quarto;100-200;1620055082;L;1.825477;
1;Quarto;100-200;1620055083;L;1.817492;
1;Quarto;100-200;1620055084;L;1.828304;
1;Quarto;100-200;1620055085;L;1.842510;
1;Quarto;100-200;1620055086;L;1.861650;
1;Quarto;100-200;1620055087;L;1.869375;
1;Quarto;100-200;1620055088;L;1.852050;
1;Quarto;100-200;1620055089;L;1.823595;
1;Quarto;100-200;1620055090;L;1.813278;
1;Quarto;100-200;1620055091;L;1.825948;
1;Quarto;100-200;1620055092;L;1.850137;
1;Quarto;100-200;1620055093;L;1.863336;
1;Quarto;100-200;1620055094;L;1.858763;
1;Quarto;100-200;1620055095;L;1.826419;
1;Quarto;100-200;1620055096;L;1.813278;
1;Quarto;100-200;1620055097;L;1.832080;
1;Quarto;100-200;1620055098;L;1.852050;
1;Quarto;100-200;1620055099;L;1.863577;
1;Quarto;100-200;1620055100;L;1.860206;
1;Quarto;100-200;1620055101;L;1.845842;
1;Quarto;100-200;1620055102;L;1.818899;
1;Quarto;100-200;1620055103;L;1.810475;
1;Quarto;100-200;1620055104;L;1.818899;
1;Quarto;100-200;1620055105;L;1.833026;
1;Quarto;100-200;1620055106;L;1.846080;
1;Quarto;100-200;1620055107;L;1.855163;
1;Quarto;100-200;1620055108;L;1.857802;
1;Quarto;100-200;1620055109;L;1.855163;
1;Quarto;100-200;1620055110;L;1.841559;
1;Quarto;100-200;1620055111;L;1.824536;
1;Quarto;100-200;1620055112;L;1.811409;
1;Quarto;100-200;1620055113;L;1.813278;
1;Quarto;100-200;1620055114;L;1.826419;
1;Quarto;100-200;1620055115;L;1.839659;
1;Quarto;100-200;1620055116;L;1.854444;
1;Quarto;100-200;1620055117;L;1.858763;
1;Quarto;100-200;1620055118;L;1.851093;
1;Quarto;100-200;1620055119;L;1.820306;
1;Quarto;100-200;1620055120;L;1.811409;
1;Quarto;100-200;1620055121;L;1.813278;
1;Quarto;100-200;1620055122;L;1.839659;
1;Quarto;100-200;1620055123;L;1.853007;
1;Quarto;100-200;1620055124;L;1.857802;
1;Quarto;100-200;1620055125;L;1.847272;
1;Quarto;100-200;1620055126;L;1.820776;
1;Quarto;100-200;1620055127;L;1.806743;
1;Quarto;100-200;1620055128;L;1.817961;
1;Quarto;100-200;1620055129;L;1.833735;
1;Quarto;100-200;1620055130;L;1.847272;
1;Quarto;100-200;1620055131;L;1.855882;
1;Quarto;100-200;1620055132;L;1.851093;
1;Quarto;100-200;1620055188;S;Desligado;
1;Quarto;100-200;1620055133;L;1.829247;
1;Quarto;100-200;1620055134;L;1.808608;
1;Quarto;100-200;1620055135;L;1.811409;
1;Quarto;100-200;1620055136;L;1.828304;
1;Quarto;100-200;1620055137;L;1.845365;
1;Quarto;100-200;1620055138;L;1.855882;
1;Quarto;100-200;1620055139;L;1.852050;
1;Quarto;100-200;1620055140;L;1.826419;
1;Quarto;100-200;1620055141;L;1.809074;
1;Quarto;100-200;1620055142;L;1.809541;
1;Quarto;100-200;1620055143;L;1.827361;
1;Quarto;100-200;1620055144;L;1.847034;
1;Quarto;100-200;1620055145;L;1.856842;
1;Quarto;100-200;1620055146;L;1.855403;
1;Quarto;100-200;1620055147;L;1.831136;
1;Quarto;100-200;1620055148;L;1.809541;
1;Quarto;100-200;1620055149;L;1.810475;
1;Quarto;100-200;1620055150;L;1.825477;
1;Quarto;100-200;1620055151;L;1.843461;
1;Quarto;100-200;1620055152;L;1.854923;
1;Quarto;100-200;1620055153;L;1.854923;
1;Quarto;100-200;1620055154;L;1.836813;
1;Quarto;100-200;1620055155;L;1.812343;
1;Quarto;100-200;1620055156;L;1.808608;
1;Quarto;100-200;1620055157;L;1.819368;
1;Quarto;100-200;1620055158;L;1.835865;
1;Quarto;100-200;1620055159;L;1.850137;
1;Quarto;100-200;1620055160;L;1.857802;
1;Quarto;100-200;1620055161;L;1.853725;
1;Quarto;100-200;1620055162;L;1.829012;
1;Quarto;100-200;1620055163;L;1.811409;
1;Quarto;100-200;1620055164;L;1.809541;
1;Quarto;100-200;1620055165;L;1.820776;
1;Quarto;100-200;1620055166;L;1.839659;
1;Quarto;100-200;1620055167;L;1.851093;
1;Quarto;100-200;1620055168;L;1.856842;
1;Quarto;100-200;1620055169;L;1.847272;
1;Quarto;100-200;1620055170;L;1.822655;
1;Quarto;100-200;1620055171;L;1.809074;
1;Quarto;100-200;1620055172;L;1.812343;
1;Quarto;100-200;1620055173;L;1.830191;
1;Quarto;100-200;1620055174;L;1.846795;
1;Quarto;100-200;1620055175;L;1.856842;
1;Quarto;100-200;1620055176;L;1.854923;
1;Quarto;100-200;1620055177;L;1.838709;
1;Quarto;100-200;1620055178;L;1.813278;
1;Quarto;100-200;1620055179;L;1.808608;
1;Quarto;100-200;1620055180;L;1.812343;
1;Quarto;100-200;1620055181;L;1.826419;
1;Quarto;100-200;1620055182;L;1.840133;
1;Quarto;100-200;1620055183;L;1.849181;
1;Quarto;100-200;1620055184;L;1.858523;
1;Quarto;100-200;1620055185;L;1.854923;
1;Quarto;100-200;1620055186;L;1.840608;
1;Quarto;100-200;1620055187;L;1.819837;
1;Quarto;100-200;1620055188;L;1.810475;
1;Quarto;100-200;1620055189;L;1.809541;
1;Quarto;100-200;1620055190;L;1.813278;
1;Quarto;100-200;1620055191;L;1.829247;
1;Quarto;100-200;1620055192;L;1.843461;
1;Quarto;100-200;1620055193;L;1.854684;
1;Quarto;100-200;1620055194;L;1.855642;
1;Quarto;100-200;1620055195;L;1.855403;
1;Quarto;100-200;1620055196;L;1.841559;
1;Quarto;100-200;1620055197;L;1.825007;
1;Quarto;100-200;1620055198;L;1.809774;
1;Quarto;100-200;1620055199;L;1.810475;
1;Quarto;100-200;1620055200;L;1.817492;
1;Quarto;100-200;1620055201;L;1.832080;
1;Quarto;100-200;1620055202;L;1.845365;
1;Quarto;100-200;1620055203;L;1.854923;
1;Quarto;100-200;1620055204;L;1.856602;
1;Quarto;100-200;1620055205;L;1.841083;
1;Quarto;100-200;1620055206;L;1.813278;
1;Quarto;100-200;1620055207;L;1.809541;
1;Quarto;100-200;1620055208;L;1.810475;
1;Quarto;100-200;1620055209;L;1.825242;
1;Quarto;100-200;1620055210;L;1.837761;
1;Quarto;100-200;1620055211;L;1.848704;
1;Quarto;100-200;1620055212;L;1.854923;
1;Quarto;100-200;1620055213;L;1.856842;
1;Quarto;100-200;1620055214;L;1.839659;
1;Quarto;100-200;1620055215;L;1.817258;
1;Quarto;100-200;1620055216;L;1.809308;
1;Quarto;100-200;1620055217;L;1.798370;
1;Quarto;100-200;1620055218;L;1.819602;
1;Quarto;100-200;1620055219;L;1.836813;
1;Quarto;100-200;1620055220;L;1.848704;
1;Quarto;100-200;1620055221;L;1.854923;
1;Quarto;100-200;1620055222;L;1.855882;
1;Quarto;100-200;1620055223;L;1.847272;
1;Quarto;100-200;1620055224;L;1.828304;
1;Quarto;100-200;1620055225;L;1.811409;
1;Quarto;100-200;1620055226;L;1.809541;
1;Quarto;100-200;1620055227;L;1.813278;
1;Quarto;100-200;1620055228;L;1.827361;
1;Quarto;100-200;1620055229;L;1.837761;
1;Quarto;100-200;1620055230;L;1.847749;
1;Quarto;100-200;1620055231;L;1.854923;
1;Quarto;100-200;1620055232;L;1.857802;
1;Quarto;100-200;1620055233;L;1.854684;
1;Quarto;100-200;1620055234;L;1.848227;
1;Quarto;100-200;1620055235;L;1.833735;
1;Quarto;100-200;1620055236;L;1.817492;
1;Quarto;100-200;1620055237;L;1.809074;
1;Quarto;100-200;1620055238;L;1.805811;
1;Quarto;100-200;1620055239;L;1.810475;
1;Quarto;100-200;1620055240;L;1.822655;
1;Quarto;100-200;1620055241;L;1.839659;
1;Quarto;100-200;1620055242;L;1.849181;
1;Quarto;100-200;1620055243;L;1.858763;
1;Quarto;100-200;1620055244;L;1.854444;
1;Quarto;100-200;1620055245;L;1.832553;
1;Quarto;100-200;1620055246;L;1.812811;
1;Quarto;100-200;1620055247;L;1.809541;
1;Quarto;100-200;1620055248;L;1.813278;
1;Quarto;100-200;1620055254;S;Desligado;
1;Quarto;100-200;1620055269;S;Desligado;
1;Quarto;100-200;1620055277;S;Desligado;
1;Quarto;100-200;1620055286;S;Desligado;
1;Quarto;100-200;1620055249;L;1.831136;
1;Quarto;100-200;1620055250;L;1.843461;
1;Quarto;100-200;1620055251;L;1.854684;
1;Quarto;100-200;1620055252;L;1.856842;
1;Quarto;100-200;1620055253;L;1.842510;
1;Quarto;100-200;1620055254;L;1.818430;
1;Quarto;100-200;1620055255;L;1.807675;
1;Quarto;100-200;1620055256;L;1.809774;
1;Quarto;100-200;1620055257;L;1.827361;
1;Quarto;100-200;1620055258;L;1.845127;
1;Quarto;100-200;1620055259;L;1.852050;
1;Quarto;100-200;1620055260;L;1.855882;
1;Quarto;100-200;1620055261;L;1.853007;
1;Quarto;100-200;1620055262;L;1.828304;
1;Quarto;100-200;1620055263;L;1.813278;
1;Quarto;100-200;1620055264;L;1.809541;
1;Quarto;100-200;1620055265;L;1.808608;
1;Quarto;100-200;1620055266;L;1.819837;
1;Quarto;100-200;1620055267;L;1.828304;
1;Quarto;100-200;1620055268;L;1.840608;
1;Quarto;100-200;1620055269;L;1.851093;
1;Quarto;100-200;1620055270;L;1.854444;
1;Quarto;100-200;1620055271;L;1.858763;
1;Quarto;100-200;1620055272;L;1.854923;
1;Quarto;100-200;1620055273;L;1.849181;
1;Quarto;100-200;1620055274;L;1.835865;
1;Quarto;100-200;1620055275;L;1.824536;
1;Quarto;100-200;1620055276;L;1.810008;
1;Quarto;100-200;1620055277;L;1.807675;
1;Quarto;100-200;1620055278;L;1.810008;
1;Quarto;100-200;1620055279;L;1.820306;
1;Quarto;100-200;1620055280;L;1.830191;
1;Quarto;100-200;1620055281;L;1.839896;
1;Quarto;100-200;1620055282;L;1.848227;
1;Quarto;100-200;1620055283;L;1.854923;
1;Quarto;100-200;1620055284;L;1.855882;
1;Quarto;100-200;1620055285;L;1.847272;
1;Quarto;100-200;1620055286;L;1.828304;
1;Quarto;100-200;1620055287;L;1.813045;
1;Quarto;100-200;1620055288;L;1.809541;
1;Quarto;100-200;1620055289;L;1.809774;
1;Quarto;100-200;1620055290;L;1.818899;
1;Quarto;100-200;1620055291;L;1.826419;
1;Quarto;100-200;1620055292;L;1.837761;
1;Quarto;100-200;1620055293;L;1.844413;
1;Quarto;100-200;1620055294;L;1.851810;
1;Quarto;100-200;1620055295;L;1.854923;
1;Quarto;100-200;1620055296;L;1.853965;
1;Quarto;100-200;1620055297;L;1.843461;
1;Quarto;100-200;1620055298;L;1.828304;
1;Quarto;100-200;1620055299;L;1.813278;
1;Quarto;100-200;1620055300;L;1.807675;
1;Quarto;100-200;1620055301;L;1.807209;
1;Quarto;100-200;1620055302;L;1.813278;
1;Quarto;100-200;1620055303;L;1.825477;
1;Quarto;100-200;1620055304;L;1.843461;
1;Quarto;100-200;1620055305;L;1.854923;
1;Quarto;100-200;1620055306;L;1.859725;
1;Quarto;100-200;1620055357;S;Desligado;
1;Quarto;100-200;1620055365;S;Desligado;
1;Quarto;100-200;1620055373;S;Desligado;
1;Quarto;100-200;1620055382;S;Desligado;
1;Quarto;100-200;1620055406;S;Desligado;
1;Quarto;100-200;1620055365;L;1.817023;
1;Quarto;100-200;1620055366;L;1.826419;
1;Quarto;100-200;1620055367;L;1.837761;
1;Quarto;100-200;1620055368;L;1.847272;
1;Quarto;100-200;1620055369;L;1.854444;
1;Quarto;100-200;1620055370;L;1.853965;
1;Quarto;100-200;1620055371;L;1.846319;
1;Quarto;100-200;1620055372;L;1.832080;
1;Quarto;100-200;1620055373;L;1.813278;
1;Quarto;100-200;1620055374;L;1.804879;
1;Quarto;100-200;1620055375;L;1.801622;
1;Quarto;100-200;1620055376;L;1.803483;
1;Quarto;100-200;1620055377;L;1.812343;
1;Quarto;100-200;1620055378;L;1.820776;
1;Quarto;100-200;1620055379;L;1.832080;
1;Quarto;100-200;1620055380;L;1.840133;
1;Quarto;100-200;1620055381;L;1.849181;
1;Quarto;100-200;1620055382;L;1.852050;
1;Quarto;100-200;1620055383;L;1.850615;
1;Quarto;100-200;1620055384;L;1.845365;
1;Quarto;100-200;1620055385;L;1.833499;
1;Quarto;100-200;1620055386;L;1.820776;
1;Quarto;100-200;1620055387;L;1.810475;
1;Quarto;100-200;1620055388;L;1.805811;
1;Quarto;100-200;1620055389;L;1.803948;
1;Quarto;100-200;1620055390;L;1.809074;
1;Quarto;100-200;1620055391;L;1.817492;
1;Quarto;100-200;1620055392;L;1.825007;
1;Quarto;100-200;1620055393;L;1.836813;
1;Quarto;100-200;1620055394;L;1.843461;
1;Quarto;100-200;1620055395;L;1.848704;
1;Quarto;100-200;1620055396;L;1.854923;
1;Quarto;100-200;1620055397;L;1.854444;
1;Quarto;100-200;1620055398;L;1.845365;
1;Quarto;100-200;1620055399;L;1.836813;
1;Quarto;100-200;1620055400;L;1.827361;
1;Quarto;100-200;1620055401;L;1.813278;
1;Quarto;100-200;1620055402;L;1.809774;
1;Quarto;100-200;1620055403;L;1.807442;
1;Quarto;100-200;1620055404;L;1.802552;
1;Quarto;100-200;1620055405;L;1.806743;
1;Quarto;100-200;1620055406;L;1.813278;
1;Quarto;100-200;1620055407;L;1.820776;
1;Quarto;100-200;1620055408;L;1.830663;
1;Quarto;100-200;1620055409;L;1.838709;
1;Quarto;100-200;1620055410;L;1.848704;
1;Quarto;100-200;1620055411;L;1.847272;
1;Quarto;100-200;1620055412;L;1.854923;
1;Quarto;100-200;1620055413;L;1.851093;
1;Quarto;100-200;1620055414;L;1.843461;
1;Quarto;100-200;1620055415;L;1.832553;
1;Quarto;100-200;1620055416;L;1.821715;
1;Quarto;100-200;1620055417;L;1.810475;
1;Quarto;100-200;1620055418;L;1.806743;
1;Quarto;100-200;1620055419;L;1.804879;
1;Quarto;100-200;1620055420;L;1.805811;
1;Quarto;100-200;1620055421;L;1.808608;
1;Quarto;100-200;1620055422;L;1.813278;
1;Quarto;100-200;1620055430;S;Desligado;
1;Quarto;100-200;1620055423;L;1.826419;
1;Quarto;100-200;1620055424;L;1.836813;
1;Quarto;100-200;1620055425;L;1.843461;
1;Quarto;100-200;1620055426;L;1.848704;
1;Quarto;100-200;1620055427;L;1.851093;
1;Quarto;100-200;1620055428;L;1.855163;
1;Quarto;100-200;1620055429;L;1.848704;
1;Quarto;100-200;1620055430;L;1.845365;
1;Quarto;100-200;1620055431;L;1.833026;
1;Quarto;100-200;1620055432;L;1.818430;
1;Quarto;100-200;1620055433;L;1.807675;
1;Quarto;100-200;1620055434;L;1.805811;
1;Quarto;100-200;1620055435;L;1.807209;
1;Quarto;100-200;1620055436;L;1.813278;
1;Quarto;100-200;1620055437;L;1.823595;
1;Quarto;100-200;1620055438;L;1.830191;
1;Quarto;100-200;1620055439;L;1.837287;
1;Quarto;100-200;1620055440;L;1.845365;
1;Quarto;100-200;1620055441;L;1.850137;
1;Quarto;100-200;1620055442;L;1.855882;
1;Quarto;100-200;1620055443;L;1.852528;
1;Quarto;100-200;1620055444;L;1.843461;
1;Quarto;100-200;1620055445;L;1.829719;
1;Quarto;100-200;1620055446;L;1.813278;
1;Quarto;100-200;1620055447;L;1.805578;
1;Quarto;100-200;1620055448;L;1.804879;
1;Quarto;100-200;1620055449;L;1.811409;
1;Quarto;100-200;1620055450;L;1.821715;
1;Quarto;100-200;1620055451;L;1.832789;
1;Quarto;100-200;1620055452;L;1.843461;
1;Quarto;100-200;1620055453;L;1.848704;
1;Quarto;100-200;1620055454;L;1.855403;
1;Quarto;100-200;1620055455;L;1.850615;
1;Quarto;100-200;1620055456;L;1.846319;
1;Quarto;100-200;1620055457;L;1.832789;
1;Quarto;100-200;1620055458;L;1.820306;
1;Quarto;100-200;1620055459;L;1.809541;
1;Quarto;100-200;1620055460;L;1.807675;
1;Quarto;100-200;1620055461;L;1.806743;
1;Quarto;100-200;1620055462;L;1.813278;
1;Quarto;100-200;1620055463;L;1.823595;
1;Quarto;100-200;1620055464;L;1.832080;
1;Quarto;100-200;1620055465;L;1.841083;
1;Quarto;100-200;1620055466;L;1.847749;
1;Quarto;100-200;1620055467;L;1.851093;
1;Quarto;100-200;1620055468;L;1.853007;
1;Quarto;100-200;1620055469;L;1.836813;
1;Quarto;100-200;1620055470;L;1.839896;
1;Quarto;100-200;1620055471;L;1.826419;
1;Quarto;100-200;1620055472;L;1.813278;
1;Quarto;100-200;1620055473;L;1.805811;
1;Quarto;100-200;1620055474;L;1.803948;
1;Quarto;100-200;1620055475;L;1.809074;
1;Quarto;100-200;1620055476;L;1.813278;
1;Quarto;100-200;1620055477;L;1.822655;
1;Quarto;100-200;1620055478;L;1.828304;
1;Quarto;100-200;1620055479;L;1.840133;
1;Quarto;100-200;1620055480;L;1.849181;
1;Quarto;100-200;1620055494;S;Desligado;
1;Quarto;100-200;1620055511;S;Desligado;
1;Quarto;100-200;1620055481;L;1.851093;
1;Quarto;100-200;1620055482;L;1.855163;
1;Quarto;100-200;1620055483;L;1.847749;
1;Quarto;100-200;1620055484;L;1.830191;
1;Quarto;100-200;1620055485;L;1.813278;
1;Quarto;100-200;1620055486;L;1.808608;
1;Quarto;100-200;1620055487;L;1.803948;
1;Quarto;100-200;1620055488;L;1.812811;
1;Quarto;100-200;1620055489;L;1.822655;
1;Quarto;100-200;1620055490;L;1.836813;
1;Quarto;100-200;1620055491;L;1.847511;
1;Quarto;100-200;1620055492;L;1.850615;
1;Quarto;100-200;1620055493;L;1.841559;
1;Quarto;100-200;1620055494;L;1.847272;
1;Quarto;100-200;1620055495;L;1.830191;
1;Quarto;100-200;1620055496;L;1.813278;
1;Quarto;100-200;1620055497;L;1.804879;
1;Quarto;100-200;1620055498;L;1.805811;
1;Quarto;100-200;1620055499;L;1.818899;
1;Quarto;100-200;1620055500;L;1.832080;
1;Quarto;100-200;1620055501;L;1.841559;
1;Quarto;100-200;1620055502;L;1.853965;
1;Quarto;100-200;1620055503;L;1.852050;
1;Quarto;100-200;1620055504;L;1.843461;
1;Quarto;100-200;1620055505;L;1.825948;
1;Quarto;100-200;1620055506;L;1.812343;
1;Quarto;100-200;1620055507;L;1.803948;
1;Quarto;100-200;1620055508;L;1.807209;
1;Quarto;100-200;1620055509;L;1.813278;
1;Quarto;100-200;1620055510;L;1.829719;
1;Quarto;100-200;1620055511;L;1.839659;
1;Quarto;100-200;1620055512;L;1.846319;
1;Quarto;100-200;1620055513;L;1.852528;
1;Quarto;100-200;1620055514;L;1.854923;
1;Quarto;100-200;1620055515;L;1.845365;
1;Quarto;100-200;1620055516;L;1.838709;
1;Quarto;100-200;1620055517;L;1.820776;
1;Quarto;100-200;1620055518;L;1.813278;
1;Quarto;100-200;1620055519;L;1.807209;
1;Quarto;100-200;1620055520;L;1.803483;
1;Quarto;100-200;1620055521;L;1.807675;
1;Quarto;100-200;1620055522;L;1.813278;
1;Quarto;100-200;1620055523;L;1.827833;
1;Quarto;100-200;1620055524;L;1.837761;
1;Quarto;100-200;1620055525;L;1.846080;
1;Quarto;100-200;1620055526;L;1.853007;
1;Quarto;100-200;1620055527;L;1.853007;
1;Quarto;100-200;1620055528;L;1.846795;
1;Quarto;100-200;1620055529;L;1.826419;
1;Quarto;100-200;1620055530;L;1.811409;
1;Quarto;100-200;1620055531;L;1.804879;
1;Quarto;100-200;1620055532;L;1.805345;
1;Quarto;100-200;1620055533;L;1.810475;
1;Quarto;100-200;1620055534;L;1.817961;
1;Quarto;100-200;1620055535;L;1.825477;
1;Quarto;100-200;1620055536;L;1.835865;
1;Quarto;100-200;1620055537;L;1.845365;
1;Quarto;100-200;1620055538;L;1.853007;
1;Quarto;100-200;1620055553;S;Desligado;
1;Quarto;100-200;1620055566;S;Desligado;
1;Quarto;100-200;1620055584;S;Desligado;
1;Quarto;100-200;1620055539;L;1.855163;
1;Quarto;100-200;1620055540;L;1.853965;
1;Quarto;100-200;1620055541;L;1.847272;
1;Quarto;100-200;1620055542;L;1.833499;
1;Quarto;100-200;1620055543;L;1.818899;
1;Quarto;100-200;1620055544;L;1.808608;
1;Quarto;100-200;1620055545;L;1.803948;
1;Quarto;100-200;1620055546;L;1.805811;
1;Quarto;100-200;1620055547;L;1.813278;
1;Quarto;100-200;1620055548;L;1.830191;
1;Quarto;100-200;1620055549;L;1.839659;
1;Quarto;100-200;1620055550;L;1.848704;
1;Quarto;100-200;1620055551;L;1.852528;
1;Quarto;100-200;1620055552;L;1.833026;
1;Quarto;100-200;1620055553;L;1.848227;
1;Quarto;100-200;1620055554;L;1.834918;
1;Quarto;100-200;1620055555;L;1.817961;
1;Quarto;100-200;1620055556;L;1.810008;
1;Quarto;100-200;1620055557;L;1.812343;
1;Quarto;100-200;1620055558;L;1.817023;
1;Quarto;100-200;1620055559;L;1.827361;
1;Quarto;100-200;1620055560;L;1.837761;
1;Quarto;100-200;1620055561;L;1.848227;
1;Quarto;100-200;1620055562;L;1.853007;
1;Quarto;100-200;1620055563;L;1.858763;
1;Quarto;100-200;1620055564;L;1.857802;
1;Quarto;100-200;1620055565;L;1.845365;
1;Quarto;100-200;1620055566;L;1.825242;
1;Quarto;100-200;1620055567;L;1.817258;
1;Quarto;100-200;1620055568;L;1.809308;
1;Quarto;100-200;1620055569;L;1.809541;
1;Quarto;100-200;1620055570;L;1.817961;
1;Quarto;100-200;1620055571;L;1.830191;
1;Quarto;100-200;1620055572;L;1.839659;
1;Quarto;100-200;1620055573;L;1.850137;
1;Quarto;100-200;1620055574;L;1.855403;
1;Quarto;100-200;1620055575;L;1.855882;
1;Quarto;100-200;1620055576;L;1.862613;
1;Quarto;100-200;1620055577;L;1.852050;
1;Quarto;100-200;1620055578;L;1.845365;
1;Quarto;100-200;1620055579;L;1.828304;
1;Quarto;100-200;1620055580;L;1.817961;
1;Quarto;100-200;1620055581;L;1.813278;
1;Quarto;100-200;1620055582;L;1.809541;
1;Quarto;100-200;1620055583;L;1.813278;
1;Quarto;100-200;1620055584;L;1.799299;
1;Quarto;100-200;1620055585;L;1.820541;
1;Quarto;100-200;1620055586;L;1.822185;
1;Quarto;100-200;1620055587;L;1.835865;
1;Quarto;100-200;1620055588;L;1.843461;
1;Quarto;100-200;1620055589;L;1.852050;
1;Quarto;100-200;1620055590;L;1.855403;
1;Quarto;100-200;1620055591;L;1.860446;
1;Quarto;100-200;1620055592;L;1.861650;
1;Quarto;100-200;1620055593;L;1.858763;
1;Quarto;100-200;1620055594;L;1.849181;
1;Quarto;100-200;1620055595;L;1.838709;
1;Quarto;100-200;1620055596;L;1.826419;
1;Quarto;100-200;1620055606;S;Desligado;
1;Quarto;100-200;1620055615;S;Desligado;
1;Quarto;100-200;1620055639;S;Ligado;
1;Quarto;100-200;1620055597;L;1.813278;
1;Quarto;100-200;1620055598;L;1.805578;
1;Quarto;100-200;1620055599;L;1.809541;
1;Quarto;100-200;1620055600;L;1.817023;
1;Quarto;100-200;1620055601;L;1.832553;
1;Quarto;100-200;1620055602;L;1.836813;
1;Quarto;100-200;1620055603;L;1.845365;
1;Quarto;100-200;1620055604;L;1.851093;
1;Quarto;100-200;1620055605;L;1.858763;
1;Quarto;100-200;1620055606;L;1.846319;
1;Quarto;100-200;1620055607;L;1.828304;
1;Quarto;100-200;1620055608;L;1.813278;
1;Quarto;100-200;1620055609;L;1.809774;
1;Quarto;100-200;1620055610;L;1.807675;
1;Quarto;100-200;1620055611;L;1.817492;
1;Quarto;100-200;1620055612;L;1.831608;
1;Quarto;100-200;1620055613;L;1.841321;
1;Quarto;100-200;1620055614;L;1.850137;
1;Quarto;100-200;1620055615;L;1.852050;
1;Quarto;100-200;1620055616;L;1.854923;
1;Quarto;100-200;1620055617;L;1.853965;
1;Quarto;100-200;1620055618;L;1.851093;
1;Quarto;100-200;1620055619;L;1.839184;
1;Quarto;100-200;1620055620;L;1.825007;
1;Quarto;100-200;1620055621;L;1.817961;
1;Quarto;100-200;1620055622;L;1.809541;
1;Quarto;100-200;1620055623;L;1.804879;
1;Quarto;100-200;1620055624;L;1.812811;
1;Quarto;100-200;1620055625;L;1.820776;
1;Quarto;100-200;1620055626;L;1.832080;
1;Quarto;100-200;1620055627;L;1.842510;
1;Quarto;100-200;1620055628;L;1.848227;
1;Quarto;100-200;1620055629;L;1.853965;
1;Quarto;100-200;1620055630;L;1.882022;
1;Quarto;100-200;1620055631;L;1.872284;
1;Quarto;100-200;1620055632;L;1.857802;
1;Quarto;100-200;1620055633;L;1.837287;
1;Quarto;100-200;1620055634;L;1.832080;
1;Quarto;100-200;1620055635;L;1.835392;
1;Quarto;100-200;1620055636;L;1.837761;
1;Quarto;100-200;1620055637;L;1.847272;
1;Quarto;100-200;1620055638;L;1.858763;
1;Quarto;100-200;1620055639;L;1.863095;
1;Quarto;100-200;1620055640;L;1.870344;
1;Quarto;100-200;1620055641;L;1.879093;
1;Quarto;100-200;1620055642;L;1.879093;
1;Quarto;100-200;1620055643;L;1.884957;
1;Quarto;100-200;1620055644;L;1.879581;
1;Quarto;100-200;1620055645;L;1.874226;
1;Quarto;100-200;1620055646;L;1.869860;
1;Quarto;100-200;1620055647;L;1.853007;
1;Quarto;100-200;1620055648;L;1.842510;
1;Quarto;100-200;1620055649;L;1.837287;
1;Quarto;100-200;1620055650;L;1.832080;
1;Quarto;100-200;1620055651;L;1.830191;
1;Quarto;100-200;1620055652;L;1.830191;
1;Quarto;100-200;1620055653;L;1.832080;
1;Quarto;100-200;1620055654;L;1.839659;
1;Quarto;100-200;1620055655;L;1.844889;
1;Quarto;100-200;1620055656;L;1.848227;
1;Quarto;100-200;1620055657;L;1.854444;
1;Quarto;100-200;1620055658;L;1.860687;
1;Quarto;100-200;1620055659;L;1.866473;
1;Quarto;100-200;1620055660;L;1.874226;
1;Quarto;100-200;1620055661;L;1.878118;
1;Quarto;100-200;1620055662;L;1.880068;
1;Quarto;100-200;1620055663;L;1.876171;
1;Quarto;100-200;1620055664;L;1.874226;
1;Quarto;100-200;1620055665;L;1.865507;
1;Quarto;100-200;1620055666;L;1.851093;
1;Quarto;100-200;1620055667;L;1.840608;
1;Quarto;100-200;1620055668;L;1.831608;
1;Quarto;100-200;1620055669;L;1.829247;
1;Quarto;100-200;1620055670;L;1.828304;
1;Quarto;100-200;1620055671;L;1.830191;
1;Quarto;100-200;1620055672;L;1.838235;
1;Quarto;100-200;1620055673;L;1.839659;
1;Quarto;100-200;1620055674;L;1.846319;
1;Quarto;100-200;1620055675;L;1.854923;
1;Quarto;100-200;1620055676;L;1.856842;
1;Quarto;100-200;1620055677;L;1.863577;
1;Quarto;100-200;1620055678;L;1.868407;
1;Quarto;100-200;1620055679;L;1.874226;
1;Quarto;100-200;1620055680;L;1.878362;
1;Quarto;100-200;1620055681;L;1.882022;
1;Quarto;100-200;1620055682;L;1.882022;
1;Quarto;100-200;1620055683;L;1.877631;
1;Quarto;100-200;1620055684;L;1.874226;
1;Quarto;100-200;1620055685;L;1.856842;
1;Quarto;100-200;1620055686;L;1.847272;
1;Quarto;100-200;1620055687;L;1.835865;
1;Quarto;100-200;1620055688;L;1.834918;
1;Quarto;100-200;1620055689;L;1.832080;
1;Quarto;100-200;1620055690;L;1.831136;
1;Quarto;100-200;1620055691;L;1.838709;
1;Quarto;100-200;1620055692;L;1.844889;
1;Quarto;100-200;1620055693;L;1.852767;
1;Quarto;100-200;1620055694;L;1.862613;
1;Quarto;100-200;1620055695;L;1.867924;
1;Quarto;100-200;1620055696;L;1.870829;
1;Quarto;100-200;1620055697;L;1.877874;
1;Quarto;100-200;1620055698;L;1.880068;
1;Quarto;100-200;1620055699;L;1.880068;
1;Quarto;100-200;1620055700;L;1.878118;
1;Quarto;100-200;1620055701;L;1.866473;
1;Quarto;100-200;1620055702;L;1.855882;
1;Quarto;100-200;1620055703;L;1.843461;
1;Quarto;100-200;1620055704;L;1.832553;
1;Quarto;100-200;1620055705;L;1.828304;
1;Quarto;100-200;1620055706;L;1.829247;
1;Quarto;100-200;1620055707;L;1.831844;
1;Quarto;100-200;1620055708;L;1.833026;
1;Quarto;100-200;1620055709;L;1.839896;
1;Quarto;100-200;1620055710;L;1.844413;
1;Quarto;100-200;1620055711;L;1.853965;
1;Quarto;100-200;1620055712;L;1.858763;
1;Quarto;100-200;1620055715;S;Ligado;
1;Quarto;100-200;1620055726;S;Ligado;
1;Quarto;100-200;1620055738;S;Ligado;
1;Quarto;100-200;1620055747;S;Ligado;
1;Quarto;100-200;1620055760;S;Ligado;
1;Quarto;100-200;1620055713;L;1.865507;
1;Quarto;100-200;1620055714;L;1.876171;
1;Quarto;100-200;1620055715;L;1.880068;
1;Quarto;100-200;1620055716;L;1.880068;
1;Quarto;100-200;1620055717;L;1.860687;
1;Quarto;100-200;1620055718;L;1.841559;
1;Quarto;100-200;1620055719;L;1.835865;
1;Quarto;100-200;1620055720;L;1.798370;
1;Quarto;100-200;1620055721;L;1.777578;
1;Quarto;100-200;1620055722;L;1.417161;
1;Quarto;100-200;1620055723;L;1.596585;
1;Quarto;100-200;1620055724;L;1.811409;
1;Quarto;100-200;1620055725;L;1.791881;
1;Quarto;100-200;1620055726;L;1.792807;
1;Quarto;100-200;1620055727;L;1.754216;
1;Quarto;100-200;1620055728;L;1.724222;
1;Quarto;100-200;1620055729;L;1.721053;
1;Quarto;100-200;1620055730;L;1.688983;
1;Quarto;100-200;1620055731;L;1.812811;
1;Quarto;100-200;1620055732;L;1.847272;
1;Quarto;100-200;1620055733;L;1.714267;
1;Quarto;100-200;1620055734;L;1.694396;
1;Quarto;100-200;1620055735;L;1.746013;
1;Quarto;100-200;1620055736;L;1.813045;
1;Quarto;100-200;1620055737;L;1.754216;
1;Quarto;100-200;1620055738;L;1.818899;
1;Quarto;100-200;1620055739;L;1.797442;
1;Quarto;100-200;1620055740;L;1.780340;
1;Quarto;100-200;1620055741;L;1.802552;
1;Quarto;100-200;1620055742;L;1.812343;
1;Quarto;100-200;1620055743;L;1.795587;
1;Quarto;100-200;1620055744;L;1.819837;
1;Quarto;100-200;1620055745;L;1.809774;
1;Quarto;100-200;1620055746;L;1.817023;
1;Quarto;100-200;1620055747;L;1.824536;
1;Quarto;100-200;1620055748;L;1.758325;
1;Quarto;100-200;1620055749;L;1.787258;
1;Quarto;100-200;1620055750;L;1.851093;
1;Quarto;100-200;1620055751;L;1.852050;
1;Quarto;100-200;1620055752;L;1.833499;
1;Quarto;100-200;1620055753;L;1.416633;
1;Quarto;100-200;1620055754;L;1.591087;
1;Quarto;100-200;1620055755;L;1.830191;
1;Quarto;100-200;1620055756;L;1.457412;
1;Quarto;100-200;1620055757;L;1.762440;
1;Quarto;100-200;1620055758;L;1.818899;
1;Quarto;100-200;1620055759;L;1.813278;
1;Quarto;100-200;1620055760;L;1.813278;
1;Quarto;100-200;1620055761;L;1.813278;
1;Quarto;100-200;1620055762;L;1.820776;
1;Quarto;100-200;1620055763;L;1.820776;
1;Quarto;100-200;1620055764;L;1.823595;
1;Quarto;100-200;1620055765;L;1.817023;
1;Quarto;100-200;1620055766;L;1.810475;
1;Quarto;100-200;1620055767;L;1.788182;
1;Quarto;100-200;1620055768;L;1.794196;
1;Quarto;100-200;1620055769;L;1.793733;
1;Quarto;100-200;1620055770;L;1.810008;
1;Quarto;100-200;1620055772;S;Ligado;
1;Quarto;100-200;1620055790;S;Ligado;
1;Quarto;100-200;1620055771;L;1.871314;
1;Quarto;100-200;1620055772;L;1.886427;
1;Quarto;100-200;1620055773;L;1.897754;
1;Quarto;100-200;1620055774;L;1.895777;
1;Quarto;100-200;1620055775;L;1.899734;
1;Quarto;100-200;1620055776;L;1.897259;
1;Quarto;100-200;1620055777;L;1.893803;
1;Quarto;100-200;1620055778;L;1.887899;
1;Quarto;100-200;1620055779;L;1.873254;
1;Quarto;100-200;1620055780;L;1.861650;
1;Quarto;100-200;1620055781;L;1.853007;
1;Quarto;100-200;1620055782;L;1.847272;
1;Quarto;100-200;1620055783;L;1.848227;
1;Quarto;100-200;1620055784;L;1.847749;
1;Quarto;100-200;1620055785;L;1.852767;
1;Quarto;100-200;1620055786;L;1.858763;
1;Quarto;100-200;1620055787;L;1.866473;
1;Quarto;100-200;1620055788;L;1.874226;
1;Quarto;100-200;1620055789;L;1.885937;
1;Quarto;100-200;1620055790;L;1.894789;
1;Quarto;100-200;1620055791;L;1.895283;
1;Quarto;100-200;1620055792;L;1.898744;
1;Quarto;100-200;1620055793;L;1.896765;
1;Quarto;100-200;1620055794;L;1.893803;
1;Quarto;100-200;1620055795;L;1.885937;
1;Quarto;100-200;1620055796;L;1.871314;
1;Quarto;100-200;1620055797;L;1.864542;
1;Quarto;100-200;1620055798;L;1.858763;
1;Quarto;100-200;1620055799;L;1.852767;
1;Quarto;100-200;1620055800;L;1.847272;
1;Quarto;100-200;1620055801;L;1.843461;
1;Quarto;100-200;1620055802;L;1.847272;
1;Quarto;100-200;1620055803;L;1.843461;
1;Quarto;100-200;1620055804;L;1.847749;
1;Quarto;100-200;1620055805;L;1.847272;
1;Quarto;100-200;1620055806;L;1.851093;
1;Quarto;100-200;1620055807;L;1.862613;
1;Quarto;100-200;1620055808;L;1.867440;
1;Quarto;100-200;1620055809;L;1.875927;
1;Quarto;100-200;1620055810;L;1.878118;
1;Quarto;100-200;1620055811;L;1.891832;
1;Quarto;100-200;1620055812;L;1.896765;
1;Quarto;100-200;1620055813;L;1.901718;
1;Quarto;100-200;1620055814;L;1.905694;
1;Quarto;100-200;1620055815;L;1.901718;
1;Quarto;100-200;1620055816;L;1.897754;
1;Quarto;100-200;1620055817;L;1.886427;
1;Quarto;100-200;1620055818;L;1.871071;
1;Quarto;100-200;1620055819;L;1.858763;
1;Quarto;100-200;1620055820;L;1.851093;
1;Quarto;100-200;1620055821;L;1.852050;
1;Quarto;100-200;1620055822;L;1.850615;
1;Quarto;100-200;1620055823;L;1.851093;
1;Quarto;100-200;1620055824;L;1.863577;
1;Quarto;100-200;1620055825;L;1.870344;
1;Quarto;100-200;1620055826;L;1.878118;
1;Quarto;100-200;1620055827;L;1.883978;
1;Quarto;100-200;1620055828;L;1.891340;
1;Quarto;100-200;1620055845;S;Ligado;
1;Quarto;100-200;1620055853;S;Ligado;
1;Quarto;100-200;1620055864;S;Ligado;
1;Quarto;100-200;1620055829;L;1.897754;
1;Quarto;100-200;1620055830;L;1.899239;
1;Quarto;100-200;1620055831;L;1.903207;
1;Quarto;100-200;1620055832;L;1.905694;
1;Quarto;100-200;1620055833;L;1.897754;
1;Quarto;100-200;1620055834;L;1.891586;
1;Quarto;100-200;1620055835;L;1.880557;
1;Quarto;100-200;1620055836;L;1.872284;
1;Quarto;100-200;1620055837;L;1.858763;
1;Quarto;100-200;1620055838;L;1.848704;
1;Quarto;100-200;1620055839;L;1.845365;
1;Quarto;100-200;1620055840;L;1.847749;
1;Quarto;100-200;1620055841;L;1.849181;
1;Quarto;100-200;1620055842;L;1.857802;
1;Quarto;100-200;1620055843;L;1.867440;
1;Quarto;100-200;1620055844;L;1.876171;
1;Quarto;100-200;1620055845;L;1.886427;
1;Quarto;100-200;1620055846;L;1.891832;
1;Quarto;100-200;1620055847;L;1.894789;
1;Quarto;100-200;1620055848;L;1.889864;
1;Quarto;100-200;1620055849;L;1.874226;
1;Quarto;100-200;1620055850;L;1.878605;
1;Quarto;100-200;1620055851;L;1.861409;
1;Quarto;100-200;1620055852;L;1.847272;
1;Quarto;100-200;1620055853;L;1.837287;
1;Quarto;100-200;1620055854;L;1.832080;
1;Quarto;100-200;1620055855;L;1.825007;
1;Quarto;100-200;1620055856;L;1.835865;
1;Quarto;100-200;1620055857;L;1.835392;
1;Quarto;100-200;1620055858;L;1.843461;
1;Quarto;100-200;1620055859;L;1.847272;
1;Quarto;100-200;1620055860;L;1.855163;
1;Quarto;100-200;1620055861;L;1.858763;
1;Quarto;100-200;1620055862;L;1.849181;
1;Quarto;100-200;1620055863;L;1.714945;
1;Quarto;100-200;1620055864;L;1.671845;
1;Quarto;100-200;1620055865;L;1.661921;
1;Quarto;100-200;1620055866;L;1.669816;
1;Quarto;100-200;1620055867;L;1.650635;
1;Quarto;100-200;1620055868;L;1.655376;
1;Quarto;100-200;1620055869;L;1.668237;
1;Quarto;100-200;1620055870;L;1.665530;
1;Quarto;100-200;1620055871;L;1.664177;
1;Quarto;100-200;1620055872;L;1.667335;
1;Quarto;100-200;1620055873;L;1.662372;
1;Quarto;100-200;1620055874;L;1.657859;
1;Quarto;100-200;1620055875;L;1.656505;
1;Quarto;100-200;1620055876;L;1.651764;
1;Quarto;100-200;1620055877;L;1.642951;
1;Quarto;100-200;1620055878;L;1.646116;
1;Quarto;100-200;1620055879;L;1.643856;
1;Quarto;100-200;1620055880;L;1.630955;
1;Quarto;100-200;1620055881;L;1.683120;
1;Quarto;100-200;1620055882;L;1.602072;
1;Quarto;100-200;1620055883;L;1.519163;
1;Quarto;100-200;1620055884;L;1.498219;
1;Quarto;100-200;1620055885;L;1.487733;
1;Quarto;100-200;1620055886;L;1.455897;
1;Quarto;100-200;1620055896;S;Ligado;
1;Quarto;100-200;1620055911;S;Ligado;
1;Quarto;100-200;1620055945;S;Ligado;
1;Quarto;100-200;1620055973;S;Ligado;
1;Quarto;100-200;1620055981;S;Ligado;
1;Quarto;100-200;1620055993;S;Ligado;
1;Quarto;100-200;1620056002;S;Ligado;
1;Quarto;100-200;1620055945;L;1.569430;
1;Quarto;100-200;1620055946;L;1.573594;
1;Quarto;100-200;1620055947;L;1.569430;
1;Quarto;100-200;1620055948;L;1.602757;
1;Quarto;100-200;1620055949;L;1.638880;
1;Quarto;100-200;1620055950;L;1.671394;
1;Quarto;100-200;1620055951;L;1.676806;
1;Quarto;100-200;1620055952;L;1.673649;
1;Quarto;100-200;1620055953;L;1.670718;
1;Quarto;100-200;1620055954;L;1.666433;
1;Quarto;100-200;1620055955;L;1.665079;
1;Quarto;100-200;1620055956;L;1.671394;
1;Quarto;100-200;1620055957;L;1.672296;
1;Quarto;100-200;1620055958;L;1.656279;
1;Quarto;100-200;1620055959;L;1.646342;
1;Quarto;100-200;1620055960;L;1.678835;
1;Quarto;100-200;1620055961;L;1.798370;
1;Quarto;100-200;1620055962;L;1.808608;
1;Quarto;100-200;1620055963;L;1.817961;
1;Quarto;100-200;1620055964;L;1.817492;
1;Quarto;100-200;1620055965;L;1.811409;
1;Quarto;100-200;1620055966;L;1.809541;
1;Quarto;100-200;1620055967;L;1.810241;
1;Quarto;100-200;1620055968;L;1.813278;
1;Quarto;100-200;1620055969;L;1.812343;
1;Quarto;100-200;1620055970;L;1.817023;
1;Quarto;100-200;1620055971;L;1.809774;
1;Quarto;100-200;1620055972;L;1.810008;
1;Quarto;100-200;1620055973;L;1.654473;
1;Quarto;100-200;1620055974;L;1.626421;
1;Quarto;100-200;1620055975;L;1.646568;
1;Quarto;100-200;1620055976;L;1.676355;
1;Quarto;100-200;1620055977;L;1.685600;
1;Quarto;100-200;1620055978;L;1.645664;
1;Quarto;100-200;1620055979;L;1.577749;
1;Quarto;100-200;1620055980;L;1.813278;
1;Quarto;100-200;1620055981;L;1.847988;
1;Quarto;100-200;1620055982;L;1.833026;
1;Quarto;100-200;1620055983;L;1.847272;
1;Quarto;100-200;1620055984;L;1.847272;
1;Quarto;100-200;1620055985;L;1.848943;
1;Quarto;100-200;1620055986;L;1.847749;
1;Quarto;100-200;1620055987;L;1.848704;
1;Quarto;100-200;1620055988;L;1.852528;
1;Quarto;100-200;1620055989;L;1.853965;
1;Quarto;100-200;1620055990;L;1.855882;
1;Quarto;100-200;1620055991;L;1.855882;
1;Quarto;100-200;1620055992;L;1.860687;
1;Quarto;100-200;1620055993;L;1.863577;
1;Quarto;100-200;1620055994;L;1.864060;
1;Quarto;100-200;1620055995;L;1.864542;
1;Quarto;100-200;1620055996;L;1.862613;
1;Quarto;100-200;1620055997;L;1.862613;
1;Quarto;100-200;1620055998;L;1.858763;
1;Quarto;100-200;1620055999;L;1.853965;
1;Quarto;100-200;1620056000;L;1.841321;
1;Quarto;100-200;1620056001;L;1.832789;
1;Quarto;100-200;1620056002;L;1.825007;
1;Quarto;100-200;1620056032;S;Ligado;
1;Quarto;100-200;1620056042;S;Ligado;
1;Quarto;100-200;1620056055;S;Ligado;
1;Quarto;100-200;1620056003;L;1.817961;
1;Quarto;100-200;1620056004;L;1.813278;
1;Quarto;100-200;1620056005;L;1.811409;
1;Quarto;100-200;1620056006;L;1.813278;
1;Quarto;100-200;1620056007;L;1.813278;
1;Quarto;100-200;1620056008;L;1.819837;
1;Quarto;100-200;1620056009;L;1.824536;
1;Quarto;100-200;1620056010;L;1.829247;
1;Quarto;100-200;1620056011;L;1.833972;
1;Quarto;100-200;1620056012;L;1.839896;
1;Quarto;100-200;1620056013;L;1.843461;
1;Quarto;100-200;1620056014;L;1.850137;
1;Quarto;100-200;1620056015;L;1.856842;
1;Quarto;100-200;1620056016;L;1.859725;
1;Quarto;100-200;1620056017;L;1.862613;
1;Quarto;100-200;1620056018;L;1.861650;
1;Quarto;100-200;1620056019;L;1.862854;
1;Quarto;100-200;1620056020;L;1.862613;
1;Quarto;100-200;1620056021;L;1.854923;
1;Quarto;100-200;1620056022;L;1.848227;
1;Quarto;100-200;1620056023;L;1.837524;
1;Quarto;100-200;1620056024;L;1.830191;
1;Quarto;100-200;1620056025;L;1.820306;
1;Quarto;100-200;1620056026;L;1.818430;
1;Quarto;100-200;1620056027;L;1.811409;
1;Quarto;100-200;1620056028;L;1.812343;
1;Quarto;100-200;1620056029;L;1.817258;
1;Quarto;100-200;1620056030;L;1.818430;
1;Quarto;100-200;1620056031;L;1.824066;
1;Quarto;100-200;1620056032;L;1.845365;
1;Quarto;100-200;1620056033;L;1.855403;
1;Quarto;100-200;1620056034;L;1.869375;
1;Quarto;100-200;1620056035;L;1.878605;
1;Quarto;100-200;1620056036;L;1.879581;
1;Quarto;100-200;1620056037;L;1.878118;
1;Quarto;100-200;1620056038;L;1.874226;
1;Quarto;100-200;1620056039;L;1.876171;
1;Quarto;100-200;1620056040;L;1.872284;
1;Quarto;100-200;1620056041;L;1.862613;
1;Quarto;100-200;1620056042;L;1.853965;
1;Quarto;100-200;1620056043;L;1.842985;
1;Quarto;100-200;1620056044;L;1.836813;
1;Quarto;100-200;1620056045;L;1.834918;
1;Quarto;100-200;1620056046;L;1.832553;
1;Quarto;100-200;1620056047;L;1.827833;
1;Quarto;100-200;1620056048;L;1.828304;
1;Quarto;100-200;1620056049;L;1.830191;
1;Quarto;100-200;1620056050;L;1.833972;
1;Quarto;100-200;1620056051;L;1.835865;
1;Quarto;100-200;1620056052;L;1.839659;
1;Quarto;100-200;1620056053;L;1.839659;
1;Quarto;100-200;1620056054;L;1.844889;
1;Quarto;100-200;1620056055;L;1.850615;
1;Quarto;100-200;1620056056;L;1.853007;
1;Quarto;100-200;1620056057;L;1.857802;
1;Quarto;100-200;1620056058;L;1.858763;
1;Quarto;100-200;1620056059;L;1.863577;
1;Quarto;100-200;1620056060;L;1.865990;
1;Quarto;100-200;1620056063;S;Ligado;
1;Quarto;100-200;1620056079;S;Ligado;
1;Quarto;100-200;1620056101;S;Ligado;
1;Quarto;100-200;1620056114;S;Ligado;
1;Quarto;100-200;1620056061;L;1.866473;
1;Quarto;100-200;1620056062;L;1.874226;
1;Quarto;100-200;1620056063;L;1.878362;
1;Quarto;100-200;1620056064;L;1.878118;
1;Quarto;100-200;1620056065;L;1.880068;
1;Quarto;100-200;1620056066;L;1.882022;
1;Quarto;100-200;1620056067;L;1.883978;
1;Quarto;100-200;1620056068;L;1.883000;
1;Quarto;100-200;1620056069;L;1.881045;
1;Quarto;100-200;1620056070;L;1.882022;
1;Quarto;100-200;1620056071;L;1.882022;
1;Quarto;100-200;1620056072;L;1.883489;
1;Quarto;100-200;1620056073;L;1.885447;
1;Quarto;100-200;1620056074;L;1.882022;
1;Quarto;100-200;1620056075;L;1.874226;
1;Quarto;100-200;1620056076;L;1.872041;
1;Quarto;100-200;1620056077;L;1.864542;
1;Quarto;100-200;1620056078;L;1.858763;
1;Quarto;100-200;1620056079;L;1.855882;
1;Quarto;100-200;1620056080;L;1.848227;
1;Quarto;100-200;1620056081;L;1.843461;
1;Quarto;100-200;1620056082;L;1.841559;
1;Quarto;100-200;1620056083;L;1.834918;
1;Quarto;100-200;1620056084;L;1.835629;
1;Quarto;100-200;1620056085;L;1.828304;
1;Quarto;100-200;1620056086;L;1.832553;
1;Quarto;100-200;1620056087;L;1.833026;
1;Quarto;100-200;1620056088;L;1.836813;
1;Quarto;100-200;1620056089;L;1.840133;
1;Quarto;100-200;1620056090;L;1.839659;
1;Quarto;100-200;1620056091;L;1.843461;
1;Quarto;100-200;1620056092;L;1.849181;
1;Quarto;100-200;1620056093;L;1.856842;
1;Quarto;100-200;1620056094;L;1.855882;
1;Quarto;100-200;1620056095;L;1.866473;
1;Quarto;100-200;1620056096;L;1.867924;
1;Quarto;100-200;1620056097;L;1.871314;
1;Quarto;100-200;1620056098;L;1.871799;
1;Quarto;100-200;1620056099;L;1.874226;
1;Quarto;100-200;1620056100;L;1.873254;
1;Quarto;100-200;1620056101;L;1.874226;
1;Quarto;100-200;1620056102;L;1.878605;
1;Quarto;100-200;1620056103;L;1.877144;
1;Quarto;100-200;1620056104;L;1.878118;
1;Quarto;100-200;1620056105;L;1.879093;
1;Quarto;100-200;1620056106;L;1.882022;
1;Quarto;100-200;1620056107;L;1.882022;
1;Quarto;100-200;1620056108;L;1.881045;
1;Quarto;100-200;1620056109;L;1.878605;
1;Quarto;100-200;1620056110;L;1.874226;
1;Quarto;100-200;1620056111;L;1.873254;
1;Quarto;100-200;1620056112;L;1.874226;
1;Quarto;100-200;1620056113;L;1.876171;
1;Quarto;100-200;1620056114;L;1.874226;
1;Quarto;100-200;1620056115;L;1.868407;
1;Quarto;100-200;1620056116;L;1.866473;
1;Quarto;100-200;1620056117;L;1.874226;
1;Quarto;100-200;1620056118;L;1.872284;
1;Quarto;100-200;1620056160;S;Ligado;
1;Quarto;100-200;1620056175;S;Ligado;
1;Quarto;100-200;1620056119;L;1.870829;
1;Quarto;100-200;1620056120;L;1.874226;
1;Quarto;100-200;1620056121;L;1.871071;
1;Quarto;100-200;1620056122;L;1.872284;
1;Quarto;100-200;1620056123;L;1.874226;
1;Quarto;100-200;1620056124;L;1.872284;
1;Quarto;100-200;1620056125;L;1.876171;
1;Quarto;100-200;1620056126;L;1.877631;
1;Quarto;100-200;1620056127;L;1.875927;
1;Quarto;100-200;1620056128;L;1.878118;
1;Quarto;100-200;1620056129;L;1.880068;
1;Quarto;100-200;1620056130;L;1.878605;
1;Quarto;100-200;1620056131;L;1.874226;
1;Quarto;100-200;1620056132;L;1.874226;
1;Quarto;100-200;1620056133;L;1.870344;
1;Quarto;100-200;1620056134;L;1.870586;
1;Quarto;100-200;1620056135;L;1.864542;
1;Quarto;100-200;1620056136;L;1.855403;
1;Quarto;100-200;1620056137;L;1.853965;
1;Quarto;100-200;1620056138;L;1.844889;
1;Quarto;100-200;1620056139;L;1.843461;
1;Quarto;100-200;1620056140;L;1.840133;
1;Quarto;100-200;1620056141;L;1.837287;
1;Quarto;100-200;1620056142;L;1.832317;
1;Quarto;100-200;1620056143;L;1.833972;
1;Quarto;100-200;1620056144;L;1.830191;
1;Quarto;100-200;1620056145;L;1.831136;
1;Quarto;100-200;1620056146;L;1.831136;
1;Quarto;100-200;1620056147;L;1.829247;
1;Quarto;100-200;1620056148;L;1.827833;
1;Quarto;100-200;1620056149;L;1.829247;
1;Quarto;100-200;1620056150;L;1.830191;
1;Quarto;100-200;1620056151;L;1.830191;
1;Quarto;100-200;1620056152;L;1.828304;
1;Quarto;100-200;1620056153;L;1.831136;
1;Quarto;100-200;1620056154;L;1.830191;
1;Quarto;100-200;1620056155;L;1.839659;
1;Quarto;100-200;1620056156;L;1.841559;
1;Quarto;100-200;1620056157;L;1.846319;
1;Quarto;100-200;1620056158;L;1.851093;
1;Quarto;100-200;1620056159;L;1.856602;
1;Quarto;100-200;1620056160;L;1.858763;
1;Quarto;100-200;1620056161;L;1.868407;
1;Quarto;100-200;1620056162;L;1.870344;
1;Quarto;100-200;1620056163;L;1.869375;
1;Quarto;100-200;1620056164;L;1.872284;
1;Quarto;100-200;1620056165;L;1.878605;
1;Quarto;100-200;1620056166;L;1.877631;
1;Quarto;100-200;1620056167;L;1.876171;
1;Quarto;100-200;1620056168;L;1.877631;
1;Quarto;100-200;1620056169;L;1.883000;
1;Quarto;100-200;1620056170;L;1.879093;
1;Quarto;100-200;1620056171;L;1.881533;
1;Quarto;100-200;1620056172;L;1.882022;
1;Quarto;100-200;1620056173;L;1.878605;
1;Quarto;100-200;1620056174;L;1.882022;
1;Quarto;100-200;1620056175;L;1.879825;
1;Quarto;100-200;1620056176;L;1.871314;
1;Quarto;100-200;1620056185;S;Ligado;
1;Quarto;100-200;1620056193;S;Ligado;
1;Quarto;100-200;1620056200;S;Ligado;
1;Quarto;100-200;1620056217;S;Ligado;
1;Quarto;100-200;1620056226;S;Ligado;
1;Quarto;100-200;1620056235;S;Ligado;
1;Quarto;100-200;1620056242;S;Ligado;
1;Quarto;100-200;1620056264;S;Ligado;
1;Quarto;100-200;1620056273;S;Ligado;
1;Quarto;100-200;1620056283;S;Ligado;
1;Quarto;100-200;1620056291;S;Ligado;
1;Quarto;100-200;1620056235;L;1.870344;
1;Quarto;100-200;1620056236;L;1.857802;
1;Quarto;100-200;1620056237;L;1.845365;
1;Quarto;100-200;1620056238;L;1.833972;
1;Quarto;100-200;1620056239;L;1.832080;
1;Quarto;100-200;1620056240;L;1.827361;
1;Quarto;100-200;1620056241;L;1.830899;
1;Quarto;100-200;1620056242;L;1.832080;
1;Quarto;100-200;1620056243;L;1.833026;
1;Quarto;100-200;1620056244;L;1.835865;
1;Quarto;100-200;1620056245;L;1.841559;
1;Quarto;100-200;1620056246;L;1.843461;
1;Quarto;100-200;1620056247;L;1.850137;
1;Quarto;100-200;1620056248;L;1.853965;
1;Quarto;100-200;1620056249;L;1.855163;
1;Quarto;100-200;1620056250;L;1.856362;
1;Quarto;100-200;1620056251;L;1.862613;
1;Quarto;100-200;1620056252;L;1.862613;
1;Quarto;100-200;1620056253;L;1.866473;
1;Quarto;100-200;1620056254;L;1.866473;
1;Quarto;100-200;1620056255;L;1.866473;
1;Quarto;100-200;1620056256;L;1.866473;
1;Quarto;100-200;1620056257;L;1.872284;
1;Quarto;100-200;1620056258;L;1.870829;
1;Quarto;100-200;1620056259;L;1.872284;
1;Quarto;100-200;1620056260;L;1.874226;
1;Quarto;100-200;1620056261;L;1.880068;
1;Quarto;100-200;1620056262;L;1.877144;
1;Quarto;100-200;1620056263;L;1.882022;
1;Quarto;100-200;1620056264;L;1.883978;
1;Quarto;100-200;1620056265;L;1.881045;
1;Quarto;100-200;1620056266;L;1.880068;
1;Quarto;100-200;1620056267;L;1.881533;
1;Quarto;100-200;1620056268;L;1.879093;
1;Quarto;100-200;1620056269;L;1.877144;
1;Quarto;100-200;1620056270;L;1.877631;
1;Quarto;100-200;1620056271;L;1.874226;
1;Quarto;100-200;1620056272;L;1.872284;
1;Quarto;100-200;1620056273;L;1.859725;
1;Quarto;100-200;1620056274;L;1.854923;
1;Quarto;100-200;1620056275;L;1.843461;
1;Quarto;100-200;1620056276;L;1.837761;
1;Quarto;100-200;1620056277;L;1.832553;
1;Quarto;100-200;1620056278;L;1.831136;
1;Quarto;100-200;1620056279;L;1.830191;
1;Quarto;100-200;1620056280;L;1.833026;
1;Quarto;100-200;1620056281;L;1.839659;
1;Quarto;100-200;1620056282;L;1.845365;
1;Quarto;100-200;1620056283;L;1.853007;
1;Quarto;100-200;1620056284;L;1.858283;
1;Quarto;100-200;1620056285;L;1.866473;
1;Quarto;100-200;1620056286;L;1.871314;
1;Quarto;100-200;1620056287;L;1.872041;
1;Quarto;100-200;1620056288;L;1.878118;
1;Quarto;100-200;1620056289;L;1.881045;
1;Quarto;100-200;1620056290;L;1.881533;
1;Quarto;100-200;1620056291;L;1.879093;
1;Quarto;100-200;1620056292;L;1.878118;
1;Quarto;100-200;1620056347;S;Ligado;
1;Quarto;100-200;1620056293;L;1.877631;
1;Quarto;100-200;1620056294;L;1.878605;
1;Quarto;100-200;1620056295;L;1.879093;
1;Quarto;100-200;1620056296;L;1.879093;
1;Quarto;100-200;1620056297;L;1.880068;
1;Quarto;100-200;1620056298;L;1.880068;
1;Quarto;100-200;1620056299;L;1.882022;
1;Quarto;100-200;1620056300;L;1.878605;
1;Quarto;100-200;1620056301;L;1.880068;
1;Quarto;100-200;1620056302;L;1.878118;
1;Quarto;100-200;1620056303;L;1.879581;
1;Quarto;100-200;1620056304;L;1.883489;
1;Quarto;100-200;1620056305;L;1.878849;
1;Quarto;100-200;1620056306;L;1.882022;
1;Quarto;100-200;1620056307;L;1.878118;
1;Quarto;100-200;1620056308;L;1.878118;
1;Quarto;100-200;1620056309;L;1.880068;
1;Quarto;100-200;1620056310;L;1.878605;
1;Quarto;100-200;1620056311;L;1.880068;
1;Quarto;100-200;1620056312;L;1.878605;
1;Quarto;100-200;1620056313;L;1.882022;
1;Quarto;100-200;1620056314;L;1.881045;
1;Quarto;100-200;1620056315;L;1.879093;
1;Quarto;100-200;1620056316;L;1.880068;
1;Quarto;100-200;1620056317;L;1.882022;
1;Quarto;100-200;1620056318;L;1.878849;
1;Quarto;100-200;1620056319;L;1.878849;
1;Quarto;100-200;1620056320;L;1.882022;
1;Quarto;100-200;1620056321;L;1.878118;
1;Quarto;100-200;1620056322;L;1.880068;
1;Quarto;100-200;1620056323;L;1.878118;
1;Quarto;100-200;1620056324;L;1.879093;
1;Quarto;100-200;1620056325;L;1.878118;
1;Quarto;100-200;1620056326;L;1.878118;
1;Quarto;100-200;1620056327;L;1.877631;
1;Quarto;100-200;1620056328;L;1.876171;
1;Quarto;100-200;1620056329;L;1.877144;
1;Quarto;100-200;1620056330;L;1.873983;
1;Quarto;100-200;1620056331;L;1.871314;
1;Quarto;100-200;1620056332;L;1.864542;
1;Quarto;100-200;1620056333;L;1.862613;
1;Quarto;100-200;1620056334;L;1.854444;
1;Quarto;100-200;1620056335;L;1.849181;
1;Quarto;100-200;1620056336;L;1.843461;
1;Quarto;100-200;1620056337;L;1.833972;
1;Quarto;100-200;1620056338;L;1.839184;
1;Quarto;100-200;1620056339;L;1.834918;
1;Quarto;100-200;1620056340;L;1.832317;
1;Quarto;100-200;1620056341;L;1.833972;
1;Quarto;100-200;1620056342;L;1.836813;
1;Quarto;100-200;1620056343;L;1.835629;
1;Quarto;100-200;1620056344;L;1.838709;
1;Quarto;100-200;1620056345;L;1.838709;
1;Quarto;100-200;1620056346;L;1.839659;
1;Quarto;100-200;1620056347;L;1.847749;
1;Quarto;100-200;1620056348;L;1.852528;
1;Quarto;100-200;1620056349;L;1.858763;
1;Quarto;100-200;1620056350;L;1.864542;
1;Quarto;100-200;1620056355;S;Ligado;
1;Quarto;100-200;1620056364;S;Ligado;
1;Quarto;100-200;1620056372;S;Ligado;
1;Quarto;100-200;1620056381;S;Ligado;
1;Quarto;100-200;1620056389;S;Ligado;
1;Quarto;100-200;1620056399;S;Ligado;
1;Quarto;100-200;1620056351;L;1.865507;
1;Quarto;100-200;1620056352;L;1.862613;
1;Quarto;100-200;1620056353;L;1.864542;
1;Quarto;100-200;1620056354;L;1.874226;
1;Quarto;100-200;1620056355;L;1.874226;
1;Quarto;100-200;1620056356;L;1.874226;
1;Quarto;100-200;1620056357;L;1.873740;
1;Quarto;100-200;1620056358;L;1.877144;
1;Quarto;100-200;1620056359;L;1.877144;
1;Quarto;100-200;1620056360;L;1.873254;
1;Quarto;100-200;1620056361;L;1.865507;
1;Quarto;100-200;1620056362;L;1.854923;
1;Quarto;100-200;1620056363;L;1.847272;
1;Quarto;100-200;1620056364;L;1.845365;
1;Quarto;100-200;1620056365;L;1.838709;
1;Quarto;100-200;1620056366;L;1.835629;
1;Quarto;100-200;1620056367;L;1.833026;
1;Quarto;100-200;1620056368;L;1.831608;
1;Quarto;100-200;1620056369;L;1.832317;
1;Quarto;100-200;1620056370;L;1.833972;
1;Quarto;100-200;1620056371;L;1.831136;
1;Quarto;100-200;1620056372;L;1.835865;
1;Quarto;100-200;1620056373;L;1.841559;
1;Quarto;100-200;1620056374;L;1.849181;
1;Quarto;100-200;1620056375;L;1.852528;
1;Quarto;100-200;1620056376;L;1.864542;
1;Quarto;100-200;1620056377;L;1.869375;
1;Quarto;100-200;1620056378;L;1.874226;
1;Quarto;100-200;1620056379;L;1.872284;
1;Quarto;100-200;1620056380;L;1.874226;
1;Quarto;100-200;1620056381;L;1.876171;
1;Quarto;100-200;1620056382;L;1.879093;
1;Quarto;100-200;1620056383;L;1.878605;
1;Quarto;100-200;1620056384;L;1.877144;
1;Quarto;100-200;1620056385;L;1.878605;
1;Quarto;100-200;1620056386;L;1.880068;
1;Quarto;100-200;1620056387;L;1.876171;
1;Quarto;100-200;1620056388;L;1.878849;
1;Quarto;100-200;1620056389;L;1.871799;
1;Quarto;100-200;1620056390;L;1.880068;
1;Quarto;100-200;1620056391;L;1.883978;
1;Quarto;100-200;1620056392;L;1.860687;
1;Quarto;100-200;1620056393;L;1.859725;
1;Quarto;100-200;1620056394;L;1.861650;
1;Quarto;100-200;1620056395;L;1.868407;
1;Quarto;100-200;1620056396;L;1.874226;
1;Quarto;100-200;1620056397;L;1.873254;
1;Quarto;100-200;1620056398;L;1.874226;
1;Quarto;100-200;1620056399;L;1.874226;
1;Quarto;100-200;1620056400;L;1.876171;
1;Quarto;100-200;1620056401;L;1.877631;
1;Quarto;100-200;1620056402;L;1.877144;
1;Quarto;100-200;1620056403;L;1.878605;
1;Quarto;100-200;1620056404;L;1.881045;
1;Quarto;100-200;1620056405;L;1.881778;
1;Quarto;100-200;1620056406;L;1.879093;
1;Quarto;100-200;1620056407;L;1.883000;
1;Quarto;100-200;1620056408;L;1.883000;
1;Quarto;100-200;1620056419;S;Ligado;
1;Quarto;100-200;1620056431;S;Ligado;
1;Quarto;100-200;1620056409;L;1.878118;
1;Quarto;100-200;1620056410;L;1.877144;
1;Quarto;100-200;1620056411;L;1.877631;
1;Quarto;100-200;1620056412;L;1.878605;
1;Quarto;100-200;1620056413;L;1.874226;
1;Quarto;100-200;1620056414;L;1.874226;
1;Quarto;100-200;1620056415;L;1.873740;
1;Quarto;100-200;1620056416;L;1.874226;
1;Quarto;100-200;1620056417;L;1.878118;
1;Quarto;100-200;1620056418;L;1.879093;
1;Quarto;100-200;1620056419;L;1.883489;
1;Quarto;100-200;1620056420;L;1.883000;
1;Quarto;100-200;1620056421;L;1.882022;
1;Quarto;100-200;1620056422;L;1.883000;
1;Quarto;100-200;1620056423;L;1.883978;
1;Quarto;100-200;1620056424;L;1.879093;
1;Quarto;100-200;1620056425;L;1.874226;
1;Quarto;100-200;1620056426;L;1.874226;
1;Quarto;100-200;1620056427;L;1.872284;
1;Quarto;100-200;1620056428;L;1.864542;
1;Quarto;100-200;1620056429;L;1.860446;
1;Quarto;100-200;1620056430;L;1.860687;
1;Quarto;100-200;1620056431;L;1.855882;
1;Quarto;100-200;1620056432;L;1.850137;
1;Quarto;100-200;1620056433;L;1.843461;
1;Quarto;100-200;1620056434;L;1.839184;
1;Quarto;100-200;1620056435;L;1.835629;
1;Quarto;100-200;1620056436;L;1.833026;
1;Quarto;100-200;1620056437;L;1.832080;
1;Quarto;100-200;1620056438;L;1.832553;
1;Quarto;100-200;1620056439;L;1.830191;
1;Quarto;100-200;1620056440;L;1.830191;
1;Quarto;100-200;1620056441;L;1.830191;
1;Quarto;100-200;1620056442;L;1.830191;
1;Quarto;100-200;1620056443;L;1.829247;
1;Quarto;100-200;1620056444;L;1.833026;
1;Quarto;100-200;1620056445;L;1.832553;
1;Quarto;100-200;1620056446;L;1.830191;
1;Quarto;100-200;1620056447;L;1.832553;
1;Quarto;100-200;1620056448;L;1.831844;
1;Quarto;100-200;1620056449;L;1.831608;
1;Quarto;100-200;1620056450;L;1.832080;
1;Quarto;100-200;1620056451;L;1.830191;
1;Quarto;100-200;1620056452;L;1.829719;
1;Quarto;100-200;1620056453;L;1.830191;
1;Quarto;100-200;1620056454;L;1.832080;
1;Quarto;100-200;1620056455;L;1.832080;
1;Quarto;100-200;1620056456;L;1.831608;
1;Quarto;100-200;1620056457;L;1.832080;
1;Quarto;100-200;1620056458;L;1.833026;
1;Quarto;100-200;1620056459;L;1.835629;
1;Quarto;100-200;1620056460;L;1.833972;
1;Quarto;100-200;1620056461;L;1.835865;
1;Quarto;100-200;1620056462;L;1.837761;
1;Quarto;100-200;1620056463;L;1.837761;
1;Quarto;100-200;1620056464;L;1.842510;
1;Quarto;100-200;1620056465;L;1.846319;
1;Quarto;100-200;1620056466;L;1.849181;
1;Quarto;100-200;1620056490;S;Ligado;
1;Quarto;100-200;1620056502;S;Ligado;
1;Quarto;100-200;1620056515;S;Ligado;
1;Quarto;100-200;1620056467;L;1.849181;
1;Quarto;100-200;1620056468;L;1.850137;
1;Quarto;100-200;1620056469;L;1.855882;
1;Quarto;100-200;1620056470;L;1.862613;
1;Quarto;100-200;1620056471;L;1.862613;
1;Quarto;100-200;1620056472;L;1.862613;
1;Quarto;100-200;1620056473;L;1.874226;
1;Quarto;100-200;1620056474;L;1.870344;
1;Quarto;100-200;1620056475;L;1.873254;
1;Quarto;100-200;1620056476;L;1.876171;
1;Quarto;100-200;1620056477;L;1.874226;
1;Quarto;100-200;1620056478;L;1.878118;
1;Quarto;100-200;1620056479;L;1.879581;
1;Quarto;100-200;1620056480;L;1.878605;
1;Quarto;100-200;1620056481;L;1.879581;
1;Quarto;100-200;1620056482;L;1.878118;
1;Quarto;100-200;1620056483;L;1.888881;
1;Quarto;100-200;1620056484;L;1.879093;
1;Quarto;100-200;1620056485;L;1.880068;
1;Quarto;100-200;1620056486;L;1.878605;
1;Quarto;100-200;1620056487;L;1.879581;
1;Quarto;100-200;1620056488;L;1.878849;
1;Quarto;100-200;1620056489;L;1.882022;
1;Quarto;100-200;1620056490;L;1.880068;
1;Quarto;100-200;1620056491;L;1.880068;
1;Quarto;100-200;1620056492;L;1.878362;
1;Quarto;100-200;1620056493;L;1.874226;
1;Quarto;100-200;1620056494;L;1.872284;
1;Quarto;100-200;1620056495;L;1.871314;
1;Quarto;100-200;1620056496;L;1.865990;
1;Quarto;100-200;1620056497;L;1.858763;
1;Quarto;100-200;1620056498;L;1.853007;
1;Quarto;100-200;1620056499;L;1.847511;
1;Quarto;100-200;1620056500;L;1.846319;
1;Quarto;100-200;1620056501;L;1.843461;
1;Quarto;100-200;1620056502;L;1.843461;
1;Quarto;100-200;1620056503;L;1.837761;
1;Quarto;100-200;1620056504;L;1.838709;
1;Quarto;100-200;1620056505;L;1.835865;
1;Quarto;100-200;1620056506;L;1.834918;
1;Quarto;100-200;1620056507;L;1.820776;
1;Quarto;100-200;1620056508;L;1.829719;
1;Quarto;100-200;1620056509;L;1.829719;
1;Quarto;100-200;1620056510;L;1.828304;
1;Quarto;100-200;1620056511;L;1.827833;
1;Quarto;100-200;1620056512;L;1.828304;
1;Quarto;100-200;1620056513;L;1.828304;
1;Quarto;100-200;1620056514;L;1.826419;
1;Quarto;100-200;1620056515;L;1.826419;
1;Quarto;100-200;1620056516;L;1.826419;
1;Quarto;100-200;1620056517;L;1.829247;
1;Quarto;100-200;1620056518;L;1.828304;
1;Quarto;100-200;1620056519;L;1.829247;
1;Quarto;100-200;1620056520;L;1.831136;
1;Quarto;100-200;1620056521;L;1.832080;
1;Quarto;100-200;1620056522;L;1.828304;
1;Quarto;100-200;1620056523;L;1.832080;
1;Quarto;100-200;1620056524;L;1.829955;
1;Quarto;100-200;1620056534;S;Ligado;
1;Quarto;100-200;1620056556;S;Ligado;
1;Quarto;100-200;1620056573;S;Ligado;
1;Quarto;100-200;1620056581;S;Ligado;
1;Quarto;100-200;1620056525;L;1.829012;
1;Quarto;100-200;1620056526;L;1.829955;
1;Quarto;100-200;1620056527;L;1.829247;
1;Quarto;100-200;1620056528;L;1.827833;
1;Quarto;100-200;1620056529;L;1.830191;
1;Quarto;100-200;1620056530;L;1.830191;
1;Quarto;100-200;1620056531;L;1.829247;
1;Quarto;100-200;1620056532;L;1.828304;
1;Quarto;100-200;1620056533;L;1.828304;
1;Quarto;100-200;1620056534;L;1.826419;
1;Quarto;100-200;1620056535;L;1.829247;
1;Quarto;100-200;1620056536;L;1.828304;
1;Quarto;100-200;1620056537;L;1.828304;
1;Quarto;100-200;1620056538;L;1.828304;
1;Quarto;100-200;1620056539;L;1.829247;
1;Quarto;100-200;1620056540;L;1.828304;
1;Quarto;100-200;1620056541;L;1.825948;
1;Quarto;100-200;1620056542;L;1.825477;
1;Quarto;100-200;1620056543;L;1.828304;
1;Quarto;100-200;1620056544;L;1.832080;
1;Quarto;100-200;1620056545;L;1.833972;
1;Quarto;100-200;1620056546;L;1.835865;
1;Quarto;100-200;1620056547;L;1.840608;
1;Quarto;100-200;1620056548;L;1.847272;
1;Quarto;100-200;1620056549;L;1.854923;
1;Quarto;100-200;1620056550;L;1.862372;
1;Quarto;100-200;1620056551;L;1.871799;
1;Quarto;100-200;1620056552;L;1.873254;
1;Quarto;100-200;1620056553;L;1.874226;
1;Quarto;100-200;1620056554;L;1.878362;
1;Quarto;100-200;1620056555;L;1.881045;
1;Quarto;100-200;1620056556;L;1.874226;
1;Quarto;100-200;1620056557;L;1.879581;
1;Quarto;100-200;1620056558;L;1.874226;
1;Quarto;100-200;1620056559;L;1.871071;
1;Quarto;100-200;1620056560;L;1.870344;
1;Quarto;100-200;1620056561;L;1.867440;
1;Quarto;100-200;1620056562;L;1.862372;
1;Quarto;100-200;1620056563;L;1.864060;
1;Quarto;100-200;1620056564;L;1.858763;
1;Quarto;100-200;1620056565;L;1.853965;
1;Quarto;100-200;1620056566;L;1.848227;
1;Quarto;100-200;1620056567;L;1.843461;
1;Quarto;100-200;1620056568;L;1.840608;
1;Quarto;100-200;1620056569;L;1.838709;
1;Quarto;100-200;1620056570;L;1.838709;
1;Quarto;100-200;1620056571;L;1.832553;
1;Quarto;100-200;1620056572;L;1.831136;
1;Quarto;100-200;1620056573;L;1.832080;
1;Quarto;100-200;1620056574;L;1.831608;
1;Quarto;100-200;1620056575;L;1.828304;
1;Quarto;100-200;1620056576;L;1.828304;
1;Quarto;100-200;1620056577;L;1.827833;
1;Quarto;100-200;1620056578;L;1.827361;
1;Quarto;100-200;1620056579;L;1.827361;
1;Quarto;100-200;1620056580;L;1.828304;
1;Quarto;100-200;1620056581;L;1.826419;
1;Quarto;100-200;1620056582;L;1.831608;
1;Quarto;100-200;1620056612;S;Ligado;
1;Quarto;100-200;1620056620;S;Ligado;
1;Quarto;100-200;1620056637;S;Ligado;
1;Quarto;100-200;1620056583;L;1.831608;
1;Quarto;100-200;1620056584;L;1.835865;
1;Quarto;100-200;1620056585;L;1.839659;
1;Quarto;100-200;1620056586;L;1.840608;
1;Quarto;100-200;1620056587;L;1.843461;
1;Quarto;100-200;1620056588;L;1.853007;
1;Quarto;100-200;1620056589;L;1.856362;
1;Quarto;100-200;1620056590;L;1.858763;
1;Quarto;100-200;1620056591;L;1.861409;
1;Quarto;100-200;1620056592;L;1.862131;
1;Quarto;100-200;1620056593;L;1.868407;
1;Quarto;100-200;1620056594;L;1.868407;
1;Quarto;100-200;1620056595;L;1.868407;
1;Quarto;100-200;1620056596;L;1.869375;
1;Quarto;100-200;1620056597;L;1.878605;
1;Quarto;100-200;1620056598;L;1.879093;
1;Quarto;100-200;1620056599;L;1.877144;
1;Quarto;100-200;1620056600;L;1.876171;
1;Quarto;100-200;1620056601;L;1.877144;
1;Quarto;100-200;1620056602;L;1.880068;
1;Quarto;100-200;1620056603;L;1.880068;
1;Quarto;100-200;1620056604;L;1.879581;
1;Quarto;100-200;1620056605;L;1.874226;
1;Quarto;100-200;1620056606;L;1.881045;
1;Quarto;100-200;1620056607;L;1.882022;
1;Quarto;100-200;1620056608;L;1.882022;
1;Quarto;100-200;1620056609;L;1.882022;
1;Quarto;100-200;1620056610;L;1.883000;
1;Quarto;100-200;1620056611;L;1.885937;
1;Quarto;100-200;1620056612;L;1.882022;
1;Quarto;100-200;1620056613;L;1.882022;
1;Quarto;100-200;1620056614;L;1.881045;
1;Quarto;100-200;1620056615;L;1.878605;
1;Quarto;100-200;1620056616;L;1.878118;
1;Quarto;100-200;1620056617;L;1.876171;
1;Quarto;100-200;1620056618;L;1.868407;
1;Quarto;100-200;1620056619;L;1.869375;
1;Quarto;100-200;1620056620;L;1.865507;
1;Quarto;100-200;1620056621;L;1.856602;
1;Quarto;100-200;1620056622;L;1.853007;
1;Quarto;100-200;1620056623;L;1.853007;
1;Quarto;100-200;1620056624;L;1.853007;
1;Quarto;100-200;1620056625;L;1.852050;
1;Quarto;100-200;1620056626;L;1.847272;
1;Quarto;100-200;1620056627;L;1.851093;
1;Quarto;100-200;1620056628;L;1.854923;
1;Quarto;100-200;1620056629;L;1.860687;
1;Quarto;100-200;1620056630;L;1.862613;
1;Quarto;100-200;1620056631;L;1.869375;
1;Quarto;100-200;1620056632;L;1.871799;
1;Quarto;100-200;1620056633;L;1.877144;
1;Quarto;100-200;1620056634;L;1.878118;
1;Quarto;100-200;1620056635;L;1.878118;
1;Quarto;100-200;1620056636;L;1.876900;
1;Quarto;100-200;1620056637;L;1.877144;
1;Quarto;100-200;1620056638;L;1.868407;
1;Quarto;100-200;1620056639;L;1.862613;
1;Quarto;100-200;1620056640;L;1.858763;
1;Quarto;100-200;1620056644;S;Ligado;
1;Quarto;100-200;1620056654;S;Ligado;
1;Quarto;100-200;1620056664;S;Ligado;
1;Quarto;100-200;1620056672;S;Ligado;
1;Quarto;100-200;1620056680;S;Ligado;
1;Quarto;100-200;1620056693;S;Ligado;
1;Quarto;100-200;1620056641;L;1.854444;
1;Quarto;100-200;1620056642;L;1.849181;
1;Quarto;100-200;1620056643;L;1.843461;
1;Quarto;100-200;1620056644;L;1.842510;
1;Quarto;100-200;1620056645;L;1.842985;
1;Quarto;100-200;1620056646;L;1.843223;
1;Quarto;100-200;1620056647;L;1.836813;
1;Quarto;100-200;1620056648;L;1.832080;
1;Quarto;100-200;1620056649;L;1.828304;
1;Quarto;100-200;1620056650;L;1.829247;
1;Quarto;100-200;1620056651;L;1.830191;
1;Quarto;100-200;1620056652;L;1.825948;
1;Quarto;100-200;1620056653;L;1.825477;
1;Quarto;100-200;1620056654;L;1.826419;
1;Quarto;100-200;1620056655;L;1.825948;
1;Quarto;100-200;1620056656;L;1.821715;
1;Quarto;100-200;1620056657;L;1.820776;
1;Quarto;100-200;1620056658;L;1.825477;
1;Quarto;100-200;1620056659;L;1.824536;
1;Quarto;100-200;1620056660;L;1.825477;
1;Quarto;100-200;1620056661;L;1.824536;
1;Quarto;100-200;1620056662;L;1.823595;
1;Quarto;100-200;1620056663;L;1.825007;
1;Quarto;100-200;1620056664;L;1.824536;
1;Quarto;100-200;1620056665;L;1.825477;
1;Quarto;100-200;1620056666;L;1.825948;
1;Quarto;100-200;1620056667;L;1.831136;
1;Quarto;100-200;1620056668;L;1.828304;
1;Quarto;100-200;1620056669;L;1.832080;
1;Quarto;100-200;1620056670;L;1.835865;
1;Quarto;100-200;1620056671;L;1.837761;
1;Quarto;100-200;1620056672;L;1.840133;
1;Quarto;100-200;1620056673;L;1.839659;
1;Quarto;100-200;1620056674;L;1.839421;
1;Quarto;100-200;1620056675;L;1.842510;
1;Quarto;100-200;1620056676;L;1.843461;
1;Quarto;100-200;1620056677;L;1.840608;
1;Quarto;100-200;1620056678;L;1.844413;
1;Quarto;100-200;1620056679;L;1.839659;
1;Quarto;100-200;1620056680;L;1.843461;
1;Quarto;100-200;1620056681;L;1.843461;
1;Quarto;100-200;1620056682;L;1.840608;
1;Quarto;100-200;1620056683;L;1.843461;
1;Quarto;100-200;1620056684;L;1.847272;
1;Quarto;100-200;1620056685;L;1.844889;
1;Quarto;100-200;1620056686;L;1.847749;
1;Quarto;100-200;1620056687;L;1.850137;
1;Quarto;100-200;1620056688;L;1.853007;
1;Quarto;100-200;1620056689;L;1.853007;
1;Quarto;100-200;1620056690;L;1.857802;
1;Quarto;100-200;1620056691;L;1.855403;
1;Quarto;100-200;1620056692;L;1.855882;
1;Quarto;100-200;1620056693;L;1.853007;
1;Quarto;100-200;1620056694;L;1.856842;
1;Quarto;100-200;1620056695;L;1.856842;
1;Quarto;100-200;1620056696;L;1.856842;
1;Quarto;100-200;1620056697;L;1.854923;
1;Quarto;100-200;1620056698;L;1.855882;
1;Quarto;100-200;1620056701;S;Ligado;
1;Quarto;100-200;1620056719;S;Ligado;
1;Quarto;100-200;1620056726;S;Ligado;
1;Quarto;100-200;1620056739;S;Ligado;
1;Quarto;100-200;1620056747;S;Ligado;
1;Quarto;100-200;1620056755;S;Ligado;
1;Quarto;100-200;1620056699;L;1.849181;
1;Quarto;100-200;1620056700;L;1.851093;
1;Quarto;100-200;1620056701;L;1.846319;
1;Quarto;100-200;1620056702;L;1.843461;
1;Quarto;100-200;1620056703;L;1.842510;
1;Quarto;100-200;1620056704;L;1.838709;
1;Quarto;100-200;1620056705;L;1.835865;
1;Quarto;100-200;1620056706;L;1.832080;
1;Quarto;100-200;1620056707;L;1.828304;
1;Quarto;100-200;1620056708;L;1.831136;
1;Quarto;100-200;1620056709;L;1.826419;
1;Quarto;100-200;1620056710;L;1.825007;
1;Quarto;100-200;1620056711;L;1.824536;
1;Quarto;100-200;1620056712;L;1.824536;
1;Quarto;100-200;1620056713;L;1.822655;
1;Quarto;100-200;1620056714;L;1.822185;
1;Quarto;100-200;1620056715;L;1.826419;
1;Quarto;100-200;1620056716;L;1.825242;
1;Quarto;100-200;1620056717;L;1.830191;
1;Quarto;100-200;1620056718;L;1.833026;
1;Quarto;100-200;1620056719;L;1.843461;
1;Quarto;100-200;1620056720;L;1.848943;
1;Quarto;100-200;1620056721;L;1.855163;
1;Quarto;100-200;1620056722;L;1.862854;
1;Quarto;100-200;1620056723;L;1.867924;
1;Quarto;100-200;1620056724;L;1.870344;
1;Quarto;100-200;1620056725;L;1.871071;
1;Quarto;100-200;1620056726;L;1.874226;
1;Quarto;100-200;1620056727;L;1.873740;
1;Quarto;100-200;1620056728;L;1.871314;
1;Quarto;100-200;1620056729;L;1.874226;
1;Quarto;100-200;1620056730;L;1.873254;
1;Quarto;100-200;1620056731;L;1.869375;
1;Quarto;100-200;1620056732;L;1.867440;
1;Quarto;100-200;1620056733;L;1.868407;
1;Quarto;100-200;1620056734;L;1.866473;
1;Quarto;100-200;1620056735;L;1.863095;
1;Quarto;100-200;1620056736;L;1.863577;
1;Quarto;100-200;1620056737;L;1.864542;
1;Quarto;100-200;1620056738;L;1.865507;
1;Quarto;100-200;1620056739;L;1.864542;
1;Quarto;100-200;1620056740;L;1.864542;
1;Quarto;100-200;1620056741;L;1.866232;
1;Quarto;100-200;1620056742;L;1.863095;
1;Quarto;100-200;1620056743;L;1.866473;
1;Quarto;100-200;1620056744;L;1.867440;
1;Quarto;100-200;1620056745;L;1.867440;
1;Quarto;100-200;1620056746;L;1.870344;
1;Quarto;100-200;1620056747;L;1.870344;
1;Quarto;100-200;1620056748;L;1.872041;
1;Quarto;100-200;1620056749;L;1.867924;
1;Quarto;100-200;1620056750;L;1.870344;
1;Quarto;100-200;1620056751;L;1.858763;
1;Quarto;100-200;1620056752;L;1.848227;
1;Quarto;100-200;1620056753;L;1.841559;
1;Quarto;100-200;1620056754;L;1.832080;
1;Quarto;100-200;1620056755;L;1.825007;
1;Quarto;100-200;1620056756;L;1.819837;
1;Quarto;100-200;1620056783;S;Ligado;
1;Quarto;100-200;1620056796;S;Ligado;
1;Quarto;100-200;1620056807;S;Ligado;
1;Quarto;100-200;1620056757;L;1.818899;
1;Quarto;100-200;1620056758;L;1.822185;
1;Quarto;100-200;1620056759;L;1.828304;
1;Quarto;100-200;1620056760;L;1.833026;
1;Quarto;100-200;1620056761;L;1.838709;
1;Quarto;100-200;1620056762;L;1.846319;
1;Quarto;100-200;1620056763;L;1.853965;
1;Quarto;100-200;1620056764;L;1.862613;
1;Quarto;100-200;1620056765;L;1.867440;
1;Quarto;100-200;1620056766;L;1.870344;
1;Quarto;100-200;1620056767;L;1.871314;
1;Quarto;100-200;1620056768;L;1.864060;
1;Quarto;100-200;1620056769;L;1.852050;
1;Quarto;100-200;1620056770;L;1.835392;
1;Quarto;100-200;1620056771;L;1.825242;
1;Quarto;100-200;1620056772;L;1.820776;
1;Quarto;100-200;1620056773;L;1.817961;
1;Quarto;100-200;1620056774;L;1.820306;
1;Quarto;100-200;1620056775;L;1.822655;
1;Quarto;100-200;1620056776;L;1.828304;
1;Quarto;100-200;1620056777;L;1.834918;
1;Quarto;100-200;1620056778;L;1.840608;
1;Quarto;100-200;1620056779;L;1.848943;
1;Quarto;100-200;1620056780;L;1.854923;
1;Quarto;100-200;1620056781;L;1.859725;
1;Quarto;100-200;1620056782;L;1.860687;
1;Quarto;100-200;1620056783;L;1.862613;
1;Quarto;100-200;1620056784;L;1.866232;
1;Quarto;100-200;1620056785;L;1.852050;
1;Quarto;100-200;1620056786;L;1.856362;
1;Quarto;100-200;1620056787;L;1.855882;
1;Quarto;100-200;1620056788;L;1.855882;
1;Quarto;100-200;1620056789;L;1.833972;
1;Quarto;100-200;1620056790;L;1.818899;
1;Quarto;100-200;1620056791;L;1.810008;
1;Quarto;100-200;1620056792;L;1.809774;
1;Quarto;100-200;1620056793;L;1.807675;
1;Quarto;100-200;1620056794;L;1.813278;
1;Quarto;100-200;1620056795;L;1.822655;
1;Quarto;100-200;1620056796;L;1.831136;
1;Quarto;100-200;1620056797;L;1.839659;
1;Quarto;100-200;1620056798;L;1.837761;
1;Quarto;100-200;1620056799;L;1.845127;
1;Quarto;100-200;1620056800;L;1.851093;
1;Quarto;100-200;1620056801;L;1.860446;
1;Quarto;100-200;1620056802;L;1.871314;
1;Quarto;100-200;1620056803;L;1.868407;
1;Quarto;100-200;1620056804;L;1.864542;
1;Quarto;100-200;1620056805;L;1.855882;
1;Quarto;100-200;1620056806;L;1.848704;
1;Quarto;100-200;1620056807;L;1.838709;
1;Quarto;100-200;1620056808;L;1.828304;
1;Quarto;100-200;1620056809;L;1.822420;
1;Quarto;100-200;1620056810;L;1.820776;
1;Quarto;100-200;1620056811;L;1.813278;
1;Quarto;100-200;1620056812;L;1.817961;
1;Quarto;100-200;1620056813;L;1.817258;
1;Quarto;100-200;1620056814;L;1.820776;
1;Quarto;100-200;1620056824;S;Ligado;
1;Quarto;100-200;1620056834;S;Ligado;
1;Quarto;100-200;1620056843;S;Ligado;
1;Quarto;100-200;1620056858;S;Ligado;
1;Quarto;100-200;1620056866;S;Ligado;
1;Quarto;100-200;1620056815;L;1.827361;
1;Quarto;100-200;1620056816;L;1.835865;
1;Quarto;100-200;1620056817;L;1.837761;
1;Quarto;100-200;1620056818;L;1.843461;
1;Quarto;100-200;1620056819;L;1.847272;
1;Quarto;100-200;1620056820;L;1.851093;
1;Quarto;100-200;1620056821;L;1.853965;
1;Quarto;100-200;1620056822;L;1.850137;
1;Quarto;100-200;1620056823;L;1.860446;
1;Quarto;100-200;1620056824;L;1.863336;
1;Quarto;100-200;1620056825;L;1.866473;
1;Quarto;100-200;1620056826;L;1.868407;
1;Quarto;100-200;1620056827;L;1.869375;
1;Quarto;100-200;1620056828;L;1.870344;
1;Quarto;100-200;1620056829;L;1.866473;
1;Quarto;100-200;1620056830;L;1.830191;
1;Quarto;100-200;1620056831;L;1.812343;
1;Quarto;100-200;1620056832;L;1.842510;
1;Quarto;100-200;1620056833;L;1.863577;
1;Quarto;100-200;1620056834;L;1.864542;
1;Quarto;100-200;1620056835;L;1.863577;
1;Quarto;100-200;1620056836;L;1.865507;
1;Quarto;100-200;1620056837;L;1.873254;
1;Quarto;100-200;1620056838;L;1.865990;
1;Quarto;100-200;1620056839;L;1.855642;
1;Quarto;100-200;1620056840;L;1.826890;
1;Quarto;100-200;1620056841;L;1.805811;
1;Quarto;100-200;1620056842;L;1.826419;
1;Quarto;100-200;1620056843;L;1.858763;
1;Quarto;100-200;1620056844;L;1.860687;
1;Quarto;100-200;1620056845;L;1.851093;
1;Quarto;100-200;1620056846;L;1.849181;
1;Quarto;100-200;1620056847;L;1.843461;
1;Quarto;100-200;1620056848;L;1.840608;
1;Quarto;100-200;1620056849;L;1.833972;
1;Quarto;100-200;1620056850;L;1.828304;
1;Quarto;100-200;1620056851;L;1.824066;
1;Quarto;100-200;1620056852;L;1.820776;
1;Quarto;100-200;1620056853;L;1.810942;
1;Quarto;100-200;1620056854;L;1.783566;
1;Quarto;100-200;1620056855;L;1.801157;
1;Quarto;100-200;1620056856;L;1.817961;
1;Quarto;100-200;1620056857;L;1.823595;
1;Quarto;100-200;1620056858;L;1.825477;
1;Quarto;100-200;1620056859;L;1.825948;
1;Quarto;100-200;1620056860;L;1.831136;
1;Quarto;100-200;1620056861;L;1.833972;
1;Quarto;100-200;1620056862;L;1.839659;
1;Quarto;100-200;1620056863;L;1.843461;
1;Quarto;100-200;1620056864;L;1.847749;
1;Quarto;100-200;1620056865;L;1.853965;
1;Quarto;100-200;1620056866;L;1.858763;
1;Quarto;100-200;1620056867;L;1.867440;
1;Quarto;100-200;1620056868;L;1.872284;
1;Quarto;100-200;1620056869;L;1.874226;
1;Quarto;100-200;1620056870;L;1.876171;
1;Quarto;100-200;1620056871;L;1.878118;
1;Quarto;100-200;1620056872;L;1.878605;
1;Quarto;100-200;1620056875;S;Ligado;
1;Quarto;100-200;1620056883;S;Ligado;
1;Quarto;100-200;1620056891;S;Ligado;
1;Quarto;100-200;1620056900;S;Ligado;
1;Quarto;100-200;1620056907;S;Ligado;
1;Quarto;100-200;1620056915;S;Ligado;
1;Quarto;100-200;1620056925;S;Ligado;
1;Quarto;100-200;1620056873;L;1.879093;
1;Quarto;100-200;1620056874;L;1.874226;
1;Quarto;100-200;1620056875;L;1.870344;
1;Quarto;100-200;1620056876;L;1.866473;
1;Quarto;100-200;1620056877;L;1.859725;
1;Quarto;100-200;1620056878;L;1.852767;
1;Quarto;100-200;1620056879;L;1.848227;
1;Quarto;100-200;1620056880;L;1.843461;
1;Quarto;100-200;1620056881;L;1.833499;
1;Quarto;100-200;1620056882;L;1.831136;
1;Quarto;100-200;1620056883;L;1.828304;
1;Quarto;100-200;1620056884;L;1.819837;
1;Quarto;100-200;1620056885;L;1.824536;
1;Quarto;100-200;1620056886;L;1.824301;
1;Quarto;100-200;1620056887;L;1.825007;
1;Quarto;100-200;1620056888;L;1.827833;
1;Quarto;100-200;1620056889;L;1.832080;
1;Quarto;100-200;1620056890;L;1.836813;
1;Quarto;100-200;1620056891;L;1.837524;
1;Quarto;100-200;1620056892;L;1.840608;
1;Quarto;100-200;1620056893;L;1.851093;
1;Quarto;100-200;1620056894;L;1.853007;
1;Quarto;100-200;1620056895;L;1.859725;
1;Quarto;100-200;1620056896;L;1.858283;
1;Quarto;100-200;1620056897;L;1.862613;
1;Quarto;100-200;1620056898;L;1.868407;
1;Quarto;100-200;1620056899;L;1.868407;
1;Quarto;100-200;1620056900;L;1.867440;
1;Quarto;100-200;1620056901;L;1.870344;
1;Quarto;100-200;1620056902;L;1.868407;
1;Quarto;100-200;1620056903;L;1.867440;
1;Quarto;100-200;1620056904;L;1.865507;
1;Quarto;100-200;1620056905;L;1.864542;
1;Quarto;100-200;1620056906;L;1.860687;
1;Quarto;100-200;1620056907;L;1.856842;
1;Quarto;100-200;1620056908;L;1.851093;
1;Quarto;100-200;1620056909;L;1.843461;
1;Quarto;100-200;1620056910;L;1.840608;
1;Quarto;100-200;1620056911;L;1.837761;
1;Quarto;100-200;1620056912;L;1.833972;
1;Quarto;100-200;1620056913;L;1.832080;
1;Quarto;100-200;1620056914;L;1.830191;
1;Quarto;100-200;1620056915;L;1.832553;
1;Quarto;100-200;1620056916;L;1.829247;
1;Quarto;100-200;1620056917;L;1.823125;
1;Quarto;100-200;1620056918;L;1.823595;
1;Quarto;100-200;1620056919;L;1.819602;
1;Quarto;100-200;1620056920;L;1.823360;
1;Quarto;100-200;1620056921;L;1.820541;
1;Quarto;100-200;1620056922;L;1.819837;
1;Quarto;100-200;1620056923;L;1.818899;
1;Quarto;100-200;1620056924;L;1.820776;
1;Quarto;100-200;1620056925;L;1.817492;
1;Quarto;100-200;1620056926;L;1.821715;
1;Quarto;100-200;1620056927;L;1.822655;
1;Quarto;100-200;1620056928;L;1.820776;
1;Quarto;100-200;1620056929;L;1.823360;
1;Quarto;100-200;1620056930;L;1.824536;
1;Quarto;100-200;1620056934;S;Ligado;
1;Quarto;100-200;1620056942;S;Ligado;
1;Quarto;100-200;1620056954;S;Ligado;
1;Quarto;100-200;1620056963;S;Ligado;
1;Quarto;100-200;1620056971;S;Ligado;
1;Quarto;100-200;1620056978;S;Ligado;
1;Quarto;100-200;1620056986;S;Ligado;
1;Quarto;100-200;1620056931;L;1.822655;
1;Quarto;100-200;1620056932;L;1.820776;
1;Quarto;100-200;1620056933;L;1.813278;
1;Quarto;100-200;1620056934;L;1.822655;
1;Quarto;100-200;1620056935;L;1.823595;
1;Quarto;100-200;1620056936;L;1.824771;
1;Quarto;100-200;1620056937;L;1.824536;
1;Quarto;100-200;1620056938;L;1.825477;
1;Quarto;100-200;1620056939;L;1.830191;
1;Quarto;100-200;1620056940;L;1.834918;
1;Quarto;100-200;1620056941;L;1.837761;
1;Quarto;100-200;1620056942;L;1.841559;
1;Quarto;100-200;1620056943;L;1.846319;
1;Quarto;100-200;1620056944;L;1.847988;
1;Quarto;100-200;1620056945;L;1.851093;
1;Quarto;100-200;1620056946;L;1.859725;
1;Quarto;100-200;1620056947;L;1.860687;
1;Quarto;100-200;1620056948;L;1.865507;
1;Quarto;100-200;1620056949;L;1.859725;
1;Quarto;100-200;1620056950;L;1.857802;
1;Quarto;100-200;1620056951;L;1.852050;
1;Quarto;100-200;1620056952;L;1.845365;
1;Quarto;100-200;1620056953;L;1.832553;
1;Quarto;100-200;1620056954;L;1.827361;
1;Quarto;100-200;1620056955;L;1.820776;
1;Quarto;100-200;1620056956;L;1.817258;
1;Quarto;100-200;1620056957;L;1.813278;
1;Quarto;100-200;1620056958;L;1.810942;
1;Quarto;100-200;1620056959;L;1.811409;
1;Quarto;100-200;1620056960;L;1.813278;
1;Quarto;100-200;1620056961;L;1.813278;
1;Quarto;100-200;1620056962;L;1.813278;
1;Quarto;100-200;1620056963;L;1.818899;
1;Quarto;100-200;1620056964;L;1.821715;
1;Quarto;100-200;1620056965;L;1.825007;
1;Quarto;100-200;1620056966;L;1.832553;
1;Quarto;100-200;1620056967;L;1.836813;
1;Quarto;100-200;1620056968;L;1.842510;
1;Quarto;100-200;1620056969;L;1.847034;
1;Quarto;100-200;1620056970;L;1.854923;
1;Quarto;100-200;1620056971;L;1.859725;
1;Quarto;100-200;1620056972;L;1.863577;
1;Quarto;100-200;1620056973;L;1.866473;
1;Quarto;100-200;1620056974;L;1.864542;
1;Quarto;100-200;1620056975;L;1.861650;
1;Quarto;100-200;1620056976;L;1.860687;
1;Quarto;100-200;1620056977;L;1.856842;
1;Quarto;100-200;1620056978;L;1.852050;
1;Quarto;100-200;1620056979;L;1.846319;
1;Quarto;100-200;1620056980;L;1.840133;
1;Quarto;100-200;1620056981;L;1.830191;
1;Quarto;100-200;1620056982;L;1.824301;
1;Quarto;100-200;1620056983;L;1.818664;
1;Quarto;100-200;1620056984;L;1.807442;
1;Quarto;100-200;1620056985;L;1.794660;
1;Quarto;100-200;1620056986;L;1.801622;
1;Quarto;100-200;1620056987;L;1.807209;
1;Quarto;100-200;1620056988;L;1.811409;
1;Quarto;100-200;1620057002;S;Ligado;
